CREATE TABLE IF NOT EXISTS Vehicle (
                    number VARCHAR(7) PRIMARY KEY,
                    model VARCHAR(20),
                    brand VARCHAR(20),
                    prodDate DATE);
CREATE TABLE IF NOT EXISTS ActivePlates (
                    number VARCHAR(7) PRIMARY KEY,
                    emissionDate DATE,
                    vehicleNumber VARCHAR(7),
                    FOREIGN KEY(vehicleNumber) REFERENCES Vehicle(number));
CREATE TABLE IF NOT EXISTS InactivePlates (
                    number VARCHAR(7) PRIMARY KEY,
                    emissionDate DATE,
                    vehicleNumber VARCHAR(7),
                    resDate DATE,
                    FOREIGN KEY(vehicleNumber) REFERENCES Vehicle(number));
CREATE TABLE IF NOT EXISTS Plates (
                    number VARCHAR(7) PRIMARY KEY,
                    emissionDate DATE,
                    vehicleNumber VARCHAR(7),
                    active BOOLEAN,
                    FOREIGN KEY(vehicleNumber) REFERENCES Vehicle(number));
CREATE TABLE IF NOT EXISTS Revisions (
                    id INT AUTO_INCREMENT PRIMARY KEY,
                    plateNumber VARCHAR(7),
                    revisionDate DATE,
                    outcome VARCHAR(10),
                    motivation TEXT,
                    FOREIGN KEY(plateNumber) REFERENCES Plates(number));
INSERT INTO Vehicle VALUES ('7458249', 'Sedan', 'BMW', '2023-05-08');
INSERT INTO Vehicle VALUES ('9149739', 'Sedan', 'BMW', '2023-02-12');
INSERT INTO InactivePlates VALUES ('TL03EXD', '2023-05-29', '9149739', '2024-03-24');
INSERT INTO Plates VALUES ('TL03EXD', '2023-05-29', '9149739', 0);
INSERT INTO Revisions (plateNumber, revisionDate, outcome, motivation) VALUES ('TL03EXD', '2023-12-30', 'positive', NULL);
INSERT INTO InactivePlates VALUES ('4P65W84', '2023-04-22', '9149739', '2023-05-03');
INSERT INTO Plates VALUES ('4P65W84', '2023-04-22', '9149739', 0);
INSERT INTO Revisions (plateNumber, revisionDate, outcome, motivation) VALUES ('4P65W84', '2023-04-23', 'negative', 'Some reason for negative outcome');
INSERT INTO InactivePlates VALUES ('6M3D3HY', '2023-03-07', '9149739', '2023-03-08');
INSERT INTO Plates VALUES ('6M3D3HY', '2023-03-07', '9149739', 0);
INSERT INTO Revisions (plateNumber, revisionDate, outcome, motivation) VALUES ('6M3D3HY', '2023-03-08', 'negative', 'Some reason for negative outcome');
INSERT INTO Vehicle VALUES ('3360563', 'SUV', 'Honda', '2023-03-14');
INSERT INTO InactivePlates VALUES ('M98KK5K', '2023-05-25', '3360563', '2024-02-23');
INSERT INTO Plates VALUES ('M98KK5K', '2023-05-25', '3360563', 0);
INSERT INTO Revisions (plateNumber, revisionDate, outcome, motivation) VALUES ('M98KK5K', '2023-06-13', 'negative', 'Some reason for negative outcome');
INSERT INTO InactivePlates VALUES ('JLLBRKZ', '2023-04-08', '3360563', '2023-05-19');
INSERT INTO Plates VALUES ('JLLBRKZ', '2023-04-08', '3360563', 0);
INSERT INTO Revisions (plateNumber, revisionDate, outcome, motivation) VALUES ('JLLBRKZ', '2023-05-16', 'negative', 'Some reason for negative outcome');
INSERT INTO Vehicle VALUES ('0187898', 'Hatchback', 'BMW', '2023-04-02');
INSERT INTO Vehicle VALUES ('4444221', 'Sedan', 'Honda', '2022-08-21');
INSERT INTO ActivePlates VALUES ('F4S6M1F', '2022-12-06', '4444221');
INSERT INTO Plates VALUES ('F4S6M1F', '2022-12-06', '4444221', 1);
INSERT INTO Revisions (plateNumber, revisionDate, outcome, motivation) VALUES ('F4S6M1F', '2023-12-09', 'negative', 'Some reason for negative outcome');
INSERT INTO InactivePlates VALUES ('2WRL19Y', '2022-10-25', '4444221', '2022-11-16');
INSERT INTO Plates VALUES ('2WRL19Y', '2022-10-25', '4444221', 0);
INSERT INTO Revisions (plateNumber, revisionDate, outcome, motivation) VALUES ('2WRL19Y', '2022-10-29', 'positive', NULL);
INSERT INTO Revisions (plateNumber, revisionDate, outcome, motivation) VALUES ('2WRL19Y', '2022-10-27', 'positive', NULL);
INSERT INTO InactivePlates VALUES ('R5DN789', '2022-09-20', '4444221', '2022-10-08');
INSERT INTO Plates VALUES ('R5DN789', '2022-09-20', '4444221', 0);
INSERT INTO Vehicle VALUES ('7499244', 'Sedan', 'Toyota', '2022-07-12');
INSERT INTO ActivePlates VALUES ('MHDKX1A', '2022-07-28', '7499244');
INSERT INTO Plates VALUES ('MHDKX1A', '2022-07-28', '7499244', 1);
INSERT INTO Revisions (plateNumber, revisionDate, outcome, motivation) VALUES ('MHDKX1A', '2024-03-14', 'negative', 'Some reason for negative outcome');
INSERT INTO Vehicle VALUES ('1432570', 'Truck', 'Honda', '2023-01-16');
INSERT INTO ActivePlates VALUES ('OM8F0CK', '2023-05-02', '1432570');
INSERT INTO Plates VALUES ('OM8F0CK', '2023-05-02', '1432570', 1);
INSERT INTO Revisions (plateNumber, revisionDate, outcome, motivation) VALUES ('OM8F0CK', '2023-07-24', 'positive', NULL);
INSERT INTO Revisions (plateNumber, revisionDate, outcome, motivation) VALUES ('OM8F0CK', '2023-06-27', 'negative', 'Some reason for negative outcome');
INSERT INTO InactivePlates VALUES ('93Q7QKI', '2023-04-02', '1432570', '2023-04-24');
INSERT INTO Plates VALUES ('93Q7QKI', '2023-04-02', '1432570', 0);
INSERT INTO Revisions (plateNumber, revisionDate, outcome, motivation) VALUES ('93Q7QKI', '2023-04-08', 'positive', NULL);
INSERT INTO InactivePlates VALUES ('75JOGND', '2023-02-15', '1432570', '2023-03-01');
INSERT INTO Plates VALUES ('75JOGND', '2023-02-15', '1432570', 0);
INSERT INTO Revisions (plateNumber, revisionDate, outcome, motivation) VALUES ('75JOGND', '2023-02-23', 'negative', 'Some reason for negative outcome');
INSERT INTO Vehicle VALUES ('9563099', 'Sedan', 'Toyota', '2022-09-06');
INSERT INTO Vehicle VALUES ('4333392', 'Hatchback', 'Toyota', '2022-09-09');
INSERT INTO Vehicle VALUES ('5721307', 'Truck', 'Honda', '2023-04-06');
INSERT INTO Vehicle VALUES ('8227631', 'Hatchback', 'Chevrolet', '2022-10-25');
INSERT INTO InactivePlates VALUES ('GSFSWVC', '2023-02-02', '8227631', '2023-06-21');
INSERT INTO Plates VALUES ('GSFSWVC', '2023-02-02', '8227631', 0);
INSERT INTO Revisions (plateNumber, revisionDate, outcome, motivation) VALUES ('GSFSWVC', '2023-05-15', 'negative', 'Some reason for negative outcome');
INSERT INTO InactivePlates VALUES ('PFUVD2N', '2022-12-23', '8227631', '2022-12-25');
INSERT INTO Plates VALUES ('PFUVD2N', '2022-12-23', '8227631', 0);
INSERT INTO Revisions (plateNumber, revisionDate, outcome, motivation) VALUES ('PFUVD2N', '2022-12-24', 'negative', 'Some reason for negative outcome');
INSERT INTO InactivePlates VALUES ('GWPIEMP', '2022-11-23', '8227631', '2022-12-16');
INSERT INTO Plates VALUES ('GWPIEMP', '2022-11-23', '8227631', 0);
INSERT INTO Revisions (plateNumber, revisionDate, outcome, motivation) VALUES ('GWPIEMP', '2022-11-24', 'negative', 'Some reason for negative outcome');
INSERT INTO Vehicle VALUES ('6575784', 'Sedan', 'BMW', '2023-01-15');
INSERT INTO ActivePlates VALUES ('B497VTY', '2023-01-31', '6575784');
INSERT INTO Plates VALUES ('B497VTY', '2023-01-31', '6575784', 1);
INSERT INTO Vehicle VALUES ('1620762', 'Truck', 'BMW', '2022-10-22');
INSERT INTO ActivePlates VALUES ('A8J3XU3', '2023-02-14', '1620762');
INSERT INTO Plates VALUES ('A8J3XU3', '2023-02-14', '1620762', 1);
INSERT INTO InactivePlates VALUES ('HF47E1W', '2023-01-04', '1620762', '2023-01-23');
INSERT INTO Plates VALUES ('HF47E1W', '2023-01-04', '1620762', 0);
INSERT INTO Revisions (plateNumber, revisionDate, outcome, motivation) VALUES ('HF47E1W', '2023-01-08', 'positive', NULL);
INSERT INTO InactivePlates VALUES ('K5C9CE1', '2022-11-19', '1620762', '2023-01-02');
INSERT INTO Plates VALUES ('K5C9CE1', '2022-11-19', '1620762', 0);
INSERT INTO Vehicle VALUES ('1216608', 'SUV', 'BMW', '2023-01-21');
INSERT INTO Vehicle VALUES ('3478883', 'SUV', 'Honda', '2022-11-11');
INSERT INTO Vehicle VALUES ('4515359', 'Truck', 'Ford', '2022-09-28');
INSERT INTO Vehicle VALUES ('2035440', 'Sedan', 'Honda', '2023-02-23');
INSERT INTO Vehicle VALUES ('1842694', 'Truck', 'Toyota', '2022-07-05');
INSERT INTO ActivePlates VALUES ('2DR4OT5', '2022-08-04', '1842694');
INSERT INTO Plates VALUES ('2DR4OT5', '2022-08-04', '1842694', 1);
INSERT INTO Vehicle VALUES ('6176864', 'Sedan', 'Honda', '2023-03-01');
INSERT INTO ActivePlates VALUES ('5GIVONX', '2023-03-13', '6176864');
INSERT INTO Plates VALUES ('5GIVONX', '2023-03-13', '6176864', 1);
INSERT INTO Revisions (plateNumber, revisionDate, outcome, motivation) VALUES ('5GIVONX', '2023-08-11', 'negative', 'Some reason for negative outcome');
INSERT INTO Vehicle VALUES ('8809458', 'Hatchback', 'BMW', '2023-02-20');
INSERT INTO InactivePlates VALUES ('QFHD16O', '2023-05-20', '8809458', '2024-02-08');
INSERT INTO Plates VALUES ('QFHD16O', '2023-05-20', '8809458', 0);
INSERT INTO Revisions (plateNumber, revisionDate, outcome, motivation) VALUES ('QFHD16O', '2023-09-30', 'negative', 'Some reason for negative outcome');
INSERT INTO InactivePlates VALUES ('79WU15W', '2023-04-20', '8809458', '2023-05-15');
INSERT INTO Plates VALUES ('79WU15W', '2023-04-20', '8809458', 0);
INSERT INTO Revisions (plateNumber, revisionDate, outcome, motivation) VALUES ('79WU15W', '2023-05-01', 'positive', NULL);
INSERT INTO InactivePlates VALUES ('6LYITS9', '2023-03-03', '8809458', '2023-03-12');
INSERT INTO Plates VALUES ('6LYITS9', '2023-03-03', '8809458', 0);
INSERT INTO Revisions (plateNumber, revisionDate, outcome, motivation) VALUES ('6LYITS9', '2023-03-12', 'negative', 'Some reason for negative outcome');
INSERT INTO Vehicle VALUES ('7340644', 'Truck', 'Toyota', '2022-08-21');
INSERT INTO Vehicle VALUES ('1392089', 'Sedan', 'Ford', '2023-02-08');
INSERT INTO InactivePlates VALUES ('8A3578L', '2023-05-25', '1392089', '2024-04-24');
INSERT INTO Plates VALUES ('8A3578L', '2023-05-25', '1392089', 0);
INSERT INTO Revisions (plateNumber, revisionDate, outcome, motivation) VALUES ('8A3578L', '2024-02-17', 'negative', 'Some reason for negative outcome');
INSERT INTO InactivePlates VALUES ('TH1ISHU', '2023-04-13', '1392089', '2023-04-30');
INSERT INTO Plates VALUES ('TH1ISHU', '2023-04-13', '1392089', 0);
INSERT INTO Revisions (plateNumber, revisionDate, outcome, motivation) VALUES ('TH1ISHU', '2023-04-22', 'negative', 'Some reason for negative outcome');
INSERT INTO InactivePlates VALUES ('D590NI3', '2023-02-23', '1392089', '2023-03-05');
INSERT INTO Plates VALUES ('D590NI3', '2023-02-23', '1392089', 0);
INSERT INTO Revisions (plateNumber, revisionDate, outcome, motivation) VALUES ('D590NI3', '2023-03-02', 'negative', 'Some reason for negative outcome');
INSERT INTO Vehicle VALUES ('5310556', 'Hatchback', 'Toyota', '2022-10-12');
INSERT INTO ActivePlates VALUES ('CYWORE2', '2022-12-11', '5310556');
INSERT INTO Plates VALUES ('CYWORE2', '2022-12-11', '5310556', 1);
INSERT INTO InactivePlates VALUES ('5WK10RD', '2022-10-22', '5310556', '2022-12-08');
INSERT INTO Plates VALUES ('5WK10RD', '2022-10-22', '5310556', 0);
INSERT INTO Revisions (plateNumber, revisionDate, outcome, motivation) VALUES ('5WK10RD', '2022-11-21', 'negative', 'Some reason for negative outcome');
INSERT INTO Vehicle VALUES ('7522646', 'Truck', 'Ford', '2022-11-22');
INSERT INTO Vehicle VALUES ('8536240', 'Hatchback', 'Ford', '2023-04-10');
INSERT INTO ActivePlates VALUES ('MVNX6DY', '2023-07-25', '8536240');
INSERT INTO Plates VALUES ('MVNX6DY', '2023-07-25', '8536240', 1);
INSERT INTO InactivePlates VALUES ('ZVGEE5V', '2023-06-15', '8536240', '2023-07-14');
INSERT INTO Plates VALUES ('ZVGEE5V', '2023-06-15', '8536240', 0);
INSERT INTO InactivePlates VALUES ('N7HZNK8', '2023-04-27', '8536240', '2023-05-31');
INSERT INTO Plates VALUES ('N7HZNK8', '2023-04-27', '8536240', 0);
INSERT INTO Revisions (plateNumber, revisionDate, outcome, motivation) VALUES ('N7HZNK8', '2023-05-05', 'negative', 'Some reason for negative outcome');
INSERT INTO Revisions (plateNumber, revisionDate, outcome, motivation) VALUES ('N7HZNK8', '2023-05-12', 'negative', 'Some reason for negative outcome');
INSERT INTO Vehicle VALUES ('2984746', 'Truck', 'Honda', '2022-10-27');
INSERT INTO Vehicle VALUES ('4202054', 'Hatchback', 'Toyota', '2022-10-19');
INSERT INTO ActivePlates VALUES ('ILXJH5Z', '2022-11-12', '4202054');
INSERT INTO Plates VALUES ('ILXJH5Z', '2022-11-12', '4202054', 1);
INSERT INTO Vehicle VALUES ('1343576', 'Hatchback', 'Chevrolet', '2022-09-13');
INSERT INTO ActivePlates VALUES ('EJTXBLO', '2022-09-24', '1343576');
INSERT INTO Plates VALUES ('EJTXBLO', '2022-09-24', '1343576', 1);
INSERT INTO Vehicle VALUES ('9715872', 'Truck', 'BMW', '2023-05-16');
INSERT INTO ActivePlates VALUES ('CGRVI5I', '2023-06-01', '9715872');
INSERT INTO Plates VALUES ('CGRVI5I', '2023-06-01', '9715872', 1);
INSERT INTO Vehicle VALUES ('0989724', 'Truck', 'Chevrolet', '2023-02-15');
INSERT INTO ActivePlates VALUES ('GMD4F35', '2023-04-02', '0989724');
INSERT INTO Plates VALUES ('GMD4F35', '2023-04-02', '0989724', 1);
INSERT INTO InactivePlates VALUES ('J08ZDEC', '2023-02-25', '0989724', '2023-03-15');
INSERT INTO Plates VALUES ('J08ZDEC', '2023-02-25', '0989724', 0);
INSERT INTO Revisions (plateNumber, revisionDate, outcome, motivation) VALUES ('J08ZDEC', '2023-03-12', 'positive', NULL);
INSERT INTO Vehicle VALUES ('7371418', 'Sedan', 'Chevrolet', '2022-06-25');
INSERT INTO InactivePlates VALUES ('CQH1TLO', '2022-08-23', '7371418', '2023-12-29');
INSERT INTO Plates VALUES ('CQH1TLO', '2022-08-23', '7371418', 0);
INSERT INTO Revisions (plateNumber, revisionDate, outcome, motivation) VALUES ('CQH1TLO', '2022-12-05', 'positive', NULL);
INSERT INTO InactivePlates VALUES ('166JJML', '2022-07-06', '7371418', '2022-07-12');
INSERT INTO Plates VALUES ('166JJML', '2022-07-06', '7371418', 0);
INSERT INTO Revisions (plateNumber, revisionDate, outcome, motivation) VALUES ('166JJML', '2022-07-08', 'positive', NULL);
INSERT INTO Vehicle VALUES ('3087965', 'Sedan', 'Honda', '2022-09-16');
INSERT INTO ActivePlates VALUES ('Y9ZC36L', '2022-12-30', '3087965');
INSERT INTO Plates VALUES ('Y9ZC36L', '2022-12-30', '3087965', 1);
INSERT INTO InactivePlates VALUES ('LUXBK1G', '2022-11-14', '3087965', '2022-12-18');
INSERT INTO Plates VALUES ('LUXBK1G', '2022-11-14', '3087965', 0);
INSERT INTO Revisions (plateNumber, revisionDate, outcome, motivation) VALUES ('LUXBK1G', '2022-12-15', 'positive', NULL);
INSERT INTO Revisions (plateNumber, revisionDate, outcome, motivation) VALUES ('LUXBK1G', '2022-11-21', 'negative', 'Some reason for negative outcome');
INSERT INTO InactivePlates VALUES ('SXKXO4F', '2022-10-10', '3087965', '2022-10-22');
INSERT INTO Plates VALUES ('SXKXO4F', '2022-10-10', '3087965', 0);
INSERT INTO Revisions (plateNumber, revisionDate, outcome, motivation) VALUES ('SXKXO4F', '2022-10-19', 'positive', NULL);
INSERT INTO Vehicle VALUES ('8061546', 'Truck', 'Chevrolet', '2022-07-10');
INSERT INTO ActivePlates VALUES ('UDFS03R', '2022-08-28', '8061546');
INSERT INTO Plates VALUES ('UDFS03R', '2022-08-28', '8061546', 1);
INSERT INTO InactivePlates VALUES ('SZKVVP8', '2022-07-25', '8061546', '2022-08-01');
INSERT INTO Plates VALUES ('SZKVVP8', '2022-07-25', '8061546', 0);
INSERT INTO Revisions (plateNumber, revisionDate, outcome, motivation) VALUES ('SZKVVP8', '2022-07-31', 'positive', NULL);
INSERT INTO Revisions (plateNumber, revisionDate, outcome, motivation) VALUES ('SZKVVP8', '2022-07-26', 'negative', 'Some reason for negative outcome');
INSERT INTO Vehicle VALUES ('8709980', 'Hatchback', 'Honda', '2022-07-02');
INSERT INTO InactivePlates VALUES ('WQXO0ZP', '2022-08-01', '8709980', '2023-05-20');
INSERT INTO Plates VALUES ('WQXO0ZP', '2022-08-01', '8709980', 0);
INSERT INTO Revisions (plateNumber, revisionDate, outcome, motivation) VALUES ('WQXO0ZP', '2023-05-09', 'positive', NULL);
INSERT INTO Vehicle VALUES ('5595346', 'Hatchback', 'BMW', '2022-12-01');
INSERT INTO ActivePlates VALUES ('KLWEQNN', '2023-03-11', '5595346');
INSERT INTO Plates VALUES ('KLWEQNN', '2023-03-11', '5595346', 1);
INSERT INTO Revisions (plateNumber, revisionDate, outcome, motivation) VALUES ('KLWEQNN', '2023-12-16', 'positive', NULL);
INSERT INTO InactivePlates VALUES ('B706KUF', '2023-01-24', '5595346', '2023-03-02');
INSERT INTO Plates VALUES ('B706KUF', '2023-01-24', '5595346', 0);
INSERT INTO Revisions (plateNumber, revisionDate, outcome, motivation) VALUES ('B706KUF', '2023-02-24', 'positive', NULL);
INSERT INTO InactivePlates VALUES ('JKMX4XM', '2022-12-23', '5595346', '2022-12-23');
INSERT INTO Plates VALUES ('JKMX4XM', '2022-12-23', '5595346', 0);
INSERT INTO Vehicle VALUES ('4620329', 'Sedan', 'Ford', '2022-07-26');
INSERT INTO ActivePlates VALUES ('GRWC5HR', '2022-08-20', '4620329');
INSERT INTO Plates VALUES ('GRWC5HR', '2022-08-20', '4620329', 1);
INSERT INTO Vehicle VALUES ('5849934', 'Truck', 'Honda', '2023-02-14');
INSERT INTO Vehicle VALUES ('4574932', 'Truck', 'Ford', '2022-08-11');
INSERT INTO Vehicle VALUES ('2436479', 'SUV', 'Chevrolet', '2022-09-07');
INSERT INTO Vehicle VALUES ('0782857', 'Sedan', 'Honda', '2023-05-11');
INSERT INTO ActivePlates VALUES ('D7S49LA', '2023-05-27', '0782857');
INSERT INTO Plates VALUES ('D7S49LA', '2023-05-27', '0782857', 1);
INSERT INTO Vehicle VALUES ('0786049', 'SUV', 'BMW', '2022-11-06');
INSERT INTO Vehicle VALUES ('5058113', 'Hatchback', 'Honda', '2022-10-25');
INSERT INTO ActivePlates VALUES ('JAP7F4Y', '2023-02-16', '5058113');
INSERT INTO Plates VALUES ('JAP7F4Y', '2023-02-16', '5058113', 1);
INSERT INTO InactivePlates VALUES ('WRIDVRA', '2022-12-31', '5058113', '2023-01-01');
INSERT INTO Plates VALUES ('WRIDVRA', '2022-12-31', '5058113', 0);
INSERT INTO InactivePlates VALUES ('HN87WW1', '2022-11-24', '5058113', '2022-11-28');
INSERT INTO Plates VALUES ('HN87WW1', '2022-11-24', '5058113', 0);
INSERT INTO Revisions (plateNumber, revisionDate, outcome, motivation) VALUES ('HN87WW1', '2022-11-25', 'positive', NULL);
INSERT INTO Revisions (plateNumber, revisionDate, outcome, motivation) VALUES ('HN87WW1', '2022-11-26', 'negative', 'Some reason for negative outcome');
INSERT INTO Vehicle VALUES ('9066282', 'Sedan', 'Toyota', '2022-10-26');
INSERT INTO InactivePlates VALUES ('PAR9EGU', '2022-11-07', '9066282', '2022-11-23');
INSERT INTO Plates VALUES ('PAR9EGU', '2022-11-07', '9066282', 0);
INSERT INTO Revisions (plateNumber, revisionDate, outcome, motivation) VALUES ('PAR9EGU', '2022-11-08', 'negative', 'Some reason for negative outcome');
INSERT INTO Vehicle VALUES ('9300818', 'Sedan', 'Ford', '2023-01-14');
INSERT INTO ActivePlates VALUES ('BRI84CL', '2023-04-25', '9300818');
INSERT INTO Plates VALUES ('BRI84CL', '2023-04-25', '9300818', 1);
INSERT INTO Revisions (plateNumber, revisionDate, outcome, motivation) VALUES ('BRI84CL', '2023-06-22', 'negative', 'Some reason for negative outcome');
INSERT INTO Revisions (plateNumber, revisionDate, outcome, motivation) VALUES ('BRI84CL', '2023-07-15', 'positive', NULL);
INSERT INTO InactivePlates VALUES ('J8IBN8H', '2023-03-15', '9300818', '2023-04-09');
INSERT INTO Plates VALUES ('J8IBN8H', '2023-03-15', '9300818', 0);
INSERT INTO InactivePlates VALUES ('5X6SHFP', '2023-02-12', '9300818', '2023-02-20');
INSERT INTO Plates VALUES ('5X6SHFP', '2023-02-12', '9300818', 0);
INSERT INTO Vehicle VALUES ('3619470', 'Hatchback', 'Ford', '2022-11-20');
INSERT INTO ActivePlates VALUES ('Q6Y2533', '2022-12-14', '3619470');
INSERT INTO Plates VALUES ('Q6Y2533', '2022-12-14', '3619470', 1);
INSERT INTO Revisions (plateNumber, revisionDate, outcome, motivation) VALUES ('Q6Y2533', '2024-01-27', 'negative', 'Some reason for negative outcome');
INSERT INTO Vehicle VALUES ('0462350', 'Hatchback', 'Toyota', '2023-01-22');
INSERT INTO ActivePlates VALUES ('XO2WAUK', '2023-03-24', '0462350');
INSERT INTO Plates VALUES ('XO2WAUK', '2023-03-24', '0462350', 1);
INSERT INTO Revisions (plateNumber, revisionDate, outcome, motivation) VALUES ('XO2WAUK', '2023-06-11', 'negative', 'Some reason for negative outcome');
INSERT INTO Revisions (plateNumber, revisionDate, outcome, motivation) VALUES ('XO2WAUK', '2024-01-11', 'negative', 'Some reason for negative outcome');
INSERT INTO InactivePlates VALUES ('UUZ5KY2', '2023-02-04', '0462350', '2023-03-13');
INSERT INTO Plates VALUES ('UUZ5KY2', '2023-02-04', '0462350', 0);
INSERT INTO Revisions (plateNumber, revisionDate, outcome, motivation) VALUES ('UUZ5KY2', '2023-03-10', 'negative', 'Some reason for negative outcome');
INSERT INTO Revisions (plateNumber, revisionDate, outcome, motivation) VALUES ('UUZ5KY2', '2023-03-10', 'negative', 'Some reason for negative outcome');
INSERT INTO Vehicle VALUES ('0065920', 'Sedan', 'Ford', '2022-11-04');
INSERT INTO Vehicle VALUES ('0288627', 'SUV', 'Honda', '2022-07-13');
INSERT INTO InactivePlates VALUES ('ZOFCJUO', '2022-08-30', '0288627', '2023-04-25');
INSERT INTO Plates VALUES ('ZOFCJUO', '2022-08-30', '0288627', 0);
INSERT INTO Revisions (plateNumber, revisionDate, outcome, motivation) VALUES ('ZOFCJUO', '2022-11-21', 'positive', NULL);
INSERT INTO InactivePlates VALUES ('HIHBPJ3', '2022-07-25', '0288627', '2022-08-20');
INSERT INTO Plates VALUES ('HIHBPJ3', '2022-07-25', '0288627', 0);
INSERT INTO Revisions (plateNumber, revisionDate, outcome, motivation) VALUES ('HIHBPJ3', '2022-08-16', 'positive', NULL);
INSERT INTO Vehicle VALUES ('5709299', 'Hatchback', 'Chevrolet', '2022-12-14');
INSERT INTO ActivePlates VALUES ('FHEEAWJ', '2023-03-21', '5709299');
INSERT INTO Plates VALUES ('FHEEAWJ', '2023-03-21', '5709299', 1);
INSERT INTO Revisions (plateNumber, revisionDate, outcome, motivation) VALUES ('FHEEAWJ', '2023-11-28', 'positive', NULL);
INSERT INTO InactivePlates VALUES ('J6PMLAA', '2023-02-08', '5709299', '2023-02-10');
INSERT INTO Plates VALUES ('J6PMLAA', '2023-02-08', '5709299', 0);
INSERT INTO InactivePlates VALUES ('LSOLFZ0', '2022-12-25', '5709299', '2023-01-15');
INSERT INTO Plates VALUES ('LSOLFZ0', '2022-12-25', '5709299', 0);
INSERT INTO Vehicle VALUES ('9328217', 'SUV', 'Chevrolet', '2022-06-07');
INSERT INTO ActivePlates VALUES ('ZSZL2PA', '2022-07-31', '9328217');
INSERT INTO Plates VALUES ('ZSZL2PA', '2022-07-31', '9328217', 1);
INSERT INTO Revisions (plateNumber, revisionDate, outcome, motivation) VALUES ('ZSZL2PA', '2024-04-26', 'positive', NULL);
INSERT INTO InactivePlates VALUES ('IKSAGRI', '2022-06-30', '9328217', '2022-07-18');
INSERT INTO Plates VALUES ('IKSAGRI', '2022-06-30', '9328217', 0);
INSERT INTO Revisions (plateNumber, revisionDate, outcome, motivation) VALUES ('IKSAGRI', '2022-07-08', 'positive', NULL);
INSERT INTO Revisions (plateNumber, revisionDate, outcome, motivation) VALUES ('IKSAGRI', '2022-07-18', 'negative', 'Some reason for negative outcome');
INSERT INTO Vehicle VALUES ('6980405', 'Sedan', 'Toyota', '2022-10-20');
INSERT INTO Vehicle VALUES ('6355399', 'SUV', 'Toyota', '2022-11-25');
INSERT INTO ActivePlates VALUES ('DFSZIE2', '2023-01-18', '6355399');
INSERT INTO Plates VALUES ('DFSZIE2', '2023-01-18', '6355399', 1);
INSERT INTO InactivePlates VALUES ('BA5XV4N', '2022-12-16', '6355399', '2023-01-17');
INSERT INTO Plates VALUES ('BA5XV4N', '2022-12-16', '6355399', 0);
INSERT INTO Vehicle VALUES ('8943631', 'Sedan', 'Chevrolet', '2023-02-18');
INSERT INTO InactivePlates VALUES ('UWCQY6O', '2023-06-04', '8943631', '2023-09-12');
INSERT INTO Plates VALUES ('UWCQY6O', '2023-06-04', '8943631', 0);
INSERT INTO Revisions (plateNumber, revisionDate, outcome, motivation) VALUES ('UWCQY6O', '2023-08-09', 'negative', 'Some reason for negative outcome');
INSERT INTO InactivePlates VALUES ('URGJFGY', '2023-04-18', '8943631', '2023-05-31');
INSERT INTO Plates VALUES ('URGJFGY', '2023-04-18', '8943631', 0);
INSERT INTO Revisions (plateNumber, revisionDate, outcome, motivation) VALUES ('URGJFGY', '2023-05-09', 'positive', NULL);
INSERT INTO InactivePlates VALUES ('V9BTSNV', '2023-03-11', '8943631', '2023-03-26');
INSERT INTO Plates VALUES ('V9BTSNV', '2023-03-11', '8943631', 0);
INSERT INTO Revisions (plateNumber, revisionDate, outcome, motivation) VALUES ('V9BTSNV', '2023-03-24', 'positive', NULL);
INSERT INTO Vehicle VALUES ('9058594', 'Hatchback', 'Toyota', '2022-07-26');
INSERT INTO InactivePlates VALUES ('JVXAJ3N', '2022-08-07', '9058594', '2023-08-07');
INSERT INTO Plates VALUES ('JVXAJ3N', '2022-08-07', '9058594', 0);
INSERT INTO Revisions (plateNumber, revisionDate, outcome, motivation) VALUES ('JVXAJ3N', '2023-01-27', 'negative', 'Some reason for negative outcome');
INSERT INTO Vehicle VALUES ('9213928', 'Sedan', 'Toyota', '2023-02-16');
INSERT INTO ActivePlates VALUES ('IE1GD6X', '2023-03-06', '9213928');
INSERT INTO Plates VALUES ('IE1GD6X', '2023-03-06', '9213928', 1);
INSERT INTO Revisions (plateNumber, revisionDate, outcome, motivation) VALUES ('IE1GD6X', '2023-08-18', 'negative', 'Some reason for negative outcome');
INSERT INTO Vehicle VALUES ('4543304', 'Sedan', 'Ford', '2022-11-17');
INSERT INTO ActivePlates VALUES ('MWIO7HO', '2022-11-30', '4543304');
INSERT INTO Plates VALUES ('MWIO7HO', '2022-11-30', '4543304', 1);
INSERT INTO Vehicle VALUES ('9212929', 'Hatchback', 'Toyota', '2023-03-26');
INSERT INTO Vehicle VALUES ('5050493', 'Sedan', 'Toyota', '2023-02-16');
INSERT INTO ActivePlates VALUES ('QQRPJ77', '2023-03-11', '5050493');
INSERT INTO Plates VALUES ('QQRPJ77', '2023-03-11', '5050493', 1);
INSERT INTO Vehicle VALUES ('9307737', 'Truck', 'Honda', '2022-12-13');
INSERT INTO ActivePlates VALUES ('0KPKXLX', '2023-01-04', '9307737');
INSERT INTO Plates VALUES ('0KPKXLX', '2023-01-04', '9307737', 1);
INSERT INTO Vehicle VALUES ('9188338', 'Truck', 'Chevrolet', '2023-01-31');
INSERT INTO Vehicle VALUES ('5611048', 'Truck', 'Honda', '2023-01-08');
INSERT INTO ActivePlates VALUES ('ON2KXKW', '2023-02-27', '5611048');
INSERT INTO Plates VALUES ('ON2KXKW', '2023-02-27', '5611048', 1);
INSERT INTO Revisions (plateNumber, revisionDate, outcome, motivation) VALUES ('ON2KXKW', '2024-05-14', 'negative', 'Some reason for negative outcome');
INSERT INTO InactivePlates VALUES ('XQU9J14', '2023-01-19', '5611048', '2023-01-20');
INSERT INTO Plates VALUES ('XQU9J14', '2023-01-19', '5611048', 0);
INSERT INTO Vehicle VALUES ('7448639', 'Truck', 'Ford', '2023-01-25');
INSERT INTO ActivePlates VALUES ('MELN4M1', '2023-03-15', '7448639');
INSERT INTO Plates VALUES ('MELN4M1', '2023-03-15', '7448639', 1);
INSERT INTO InactivePlates VALUES ('Z8OLDZS', '2023-02-09', '7448639', '2023-02-18');
INSERT INTO Plates VALUES ('Z8OLDZS', '2023-02-09', '7448639', 0);
INSERT INTO Revisions (plateNumber, revisionDate, outcome, motivation) VALUES ('Z8OLDZS', '2023-02-14', 'positive', NULL);
INSERT INTO Revisions (plateNumber, revisionDate, outcome, motivation) VALUES ('Z8OLDZS', '2023-02-17', 'negative', 'Some reason for negative outcome');
INSERT INTO Vehicle VALUES ('1922897', 'Sedan', 'Toyota', '2022-11-03');
INSERT INTO ActivePlates VALUES ('4W2QYPT', '2023-01-02', '1922897');
INSERT INTO Plates VALUES ('4W2QYPT', '2023-01-02', '1922897', 1);
INSERT INTO Revisions (plateNumber, revisionDate, outcome, motivation) VALUES ('4W2QYPT', '2023-04-14', 'positive', NULL);
INSERT INTO InactivePlates VALUES ('Y4I77BM', '2022-11-23', '1922897', '2022-12-02');
INSERT INTO Plates VALUES ('Y4I77BM', '2022-11-23', '1922897', 0);
INSERT INTO Vehicle VALUES ('2604720', 'Hatchback', 'BMW', '2023-02-01');
INSERT INTO ActivePlates VALUES ('UNRFNCC', '2023-05-20', '2604720');
INSERT INTO Plates VALUES ('UNRFNCC', '2023-05-20', '2604720', 1);
INSERT INTO InactivePlates VALUES ('U2UE9EC', '2023-03-31', '2604720', '2023-04-06');
INSERT INTO Plates VALUES ('U2UE9EC', '2023-03-31', '2604720', 0);
INSERT INTO InactivePlates VALUES ('KAKLNBL', '2023-02-21', '2604720', '2023-03-25');
INSERT INTO Plates VALUES ('KAKLNBL', '2023-02-21', '2604720', 0);
INSERT INTO Vehicle VALUES ('6274972', 'SUV', 'BMW', '2022-10-08');
INSERT INTO ActivePlates VALUES ('TX4D81U', '2022-10-30', '6274972');
INSERT INTO Plates VALUES ('TX4D81U', '2022-10-30', '6274972', 1);
INSERT INTO Revisions (plateNumber, revisionDate, outcome, motivation) VALUES ('TX4D81U', '2023-08-28', 'negative', 'Some reason for negative outcome');
INSERT INTO Revisions (plateNumber, revisionDate, outcome, motivation) VALUES ('TX4D81U', '2023-10-20', 'negative', 'Some reason for negative outcome');
INSERT INTO Vehicle VALUES ('1564513', 'Sedan', 'BMW', '2022-10-25');
INSERT INTO Vehicle VALUES ('9333150', 'Hatchback', 'Toyota', '2022-09-03');
INSERT INTO InactivePlates VALUES ('3Y8X1KN', '2022-12-15', '9333150', '2024-03-18');
INSERT INTO Plates VALUES ('3Y8X1KN', '2022-12-15', '9333150', 0);
INSERT INTO Revisions (plateNumber, revisionDate, outcome, motivation) VALUES ('3Y8X1KN', '2023-01-27', 'negative', 'Some reason for negative outcome');
INSERT INTO InactivePlates VALUES ('AS2IGYC', '2022-11-07', '9333150', '2022-12-04');
INSERT INTO Plates VALUES ('AS2IGYC', '2022-11-07', '9333150', 0);
INSERT INTO Revisions (plateNumber, revisionDate, outcome, motivation) VALUES ('AS2IGYC', '2022-11-20', 'negative', 'Some reason for negative outcome');
INSERT INTO InactivePlates VALUES ('FJLQVY3', '2022-09-29', '9333150', '2022-10-03');
INSERT INTO Plates VALUES ('FJLQVY3', '2022-09-29', '9333150', 0);
INSERT INTO Revisions (plateNumber, revisionDate, outcome, motivation) VALUES ('FJLQVY3', '2022-10-01', 'positive', NULL);
INSERT INTO Vehicle VALUES ('2513780', 'Hatchback', 'Honda', '2022-07-11');
INSERT INTO ActivePlates VALUES ('JNBVRAX', '2022-09-22', '2513780');
INSERT INTO Plates VALUES ('JNBVRAX', '2022-09-22', '2513780', 1);
INSERT INTO Revisions (plateNumber, revisionDate, outcome, motivation) VALUES ('JNBVRAX', '2023-05-06', 'negative', 'Some reason for negative outcome');
INSERT INTO InactivePlates VALUES ('2QK34XI', '2022-08-05', '2513780', '2022-09-13');
INSERT INTO Plates VALUES ('2QK34XI', '2022-08-05', '2513780', 0);
INSERT INTO Vehicle VALUES ('2024999', 'Hatchback', 'Chevrolet', '2022-10-27');
INSERT INTO ActivePlates VALUES ('PMASOFN', '2023-01-23', '2024999');
INSERT INTO Plates VALUES ('PMASOFN', '2023-01-23', '2024999', 1);
INSERT INTO Revisions (plateNumber, revisionDate, outcome, motivation) VALUES ('PMASOFN', '2023-09-10', 'positive', NULL);
INSERT INTO InactivePlates VALUES ('4TPNAKF', '2022-12-17', '2024999', '2023-01-13');
INSERT INTO Plates VALUES ('4TPNAKF', '2022-12-17', '2024999', 0);
INSERT INTO Revisions (plateNumber, revisionDate, outcome, motivation) VALUES ('4TPNAKF', '2023-01-09', 'positive', NULL);
INSERT INTO Revisions (plateNumber, revisionDate, outcome, motivation) VALUES ('4TPNAKF', '2023-01-12', 'negative', 'Some reason for negative outcome');
INSERT INTO InactivePlates VALUES ('K4PII4J', '2022-11-07', '2024999', '2022-12-03');
INSERT INTO Plates VALUES ('K4PII4J', '2022-11-07', '2024999', 0);
INSERT INTO Revisions (plateNumber, revisionDate, outcome, motivation) VALUES ('K4PII4J', '2022-12-01', 'negative', 'Some reason for negative outcome');
INSERT INTO Vehicle VALUES ('6064929', 'Truck', 'BMW', '2023-04-30');
INSERT INTO Vehicle VALUES ('3564941', 'Hatchback', 'Toyota', '2023-04-17');
INSERT INTO ActivePlates VALUES ('KRIRWID', '2023-08-04', '3564941');
INSERT INTO Plates VALUES ('KRIRWID', '2023-08-04', '3564941', 1);
INSERT INTO InactivePlates VALUES ('ACM4D70', '2023-06-23', '3564941', '2023-07-24');
INSERT INTO Plates VALUES ('ACM4D70', '2023-06-23', '3564941', 0);
INSERT INTO Revisions (plateNumber, revisionDate, outcome, motivation) VALUES ('ACM4D70', '2023-07-13', 'negative', 'Some reason for negative outcome');
INSERT INTO Revisions (plateNumber, revisionDate, outcome, motivation) VALUES ('ACM4D70', '2023-07-23', 'negative', 'Some reason for negative outcome');
INSERT INTO InactivePlates VALUES ('VACF5RZ', '2023-05-10', '3564941', '2023-06-08');
INSERT INTO Plates VALUES ('VACF5RZ', '2023-05-10', '3564941', 0);
INSERT INTO Revisions (plateNumber, revisionDate, outcome, motivation) VALUES ('VACF5RZ', '2023-05-12', 'negative', 'Some reason for negative outcome');
INSERT INTO Vehicle VALUES ('1363825', 'Truck', 'Ford', '2023-05-15');
INSERT INTO InactivePlates VALUES ('3KYQRVH', '2023-07-07', '1363825', '2023-10-22');
INSERT INTO Plates VALUES ('3KYQRVH', '2023-07-07', '1363825', 0);
INSERT INTO Revisions (plateNumber, revisionDate, outcome, motivation) VALUES ('3KYQRVH', '2023-08-08', 'negative', 'Some reason for negative outcome');
INSERT INTO InactivePlates VALUES ('ACGNPZE', '2023-06-06', '1363825', '2023-06-17');
INSERT INTO Plates VALUES ('ACGNPZE', '2023-06-06', '1363825', 0);
INSERT INTO Revisions (plateNumber, revisionDate, outcome, motivation) VALUES ('ACGNPZE', '2023-06-16', 'negative', 'Some reason for negative outcome');
INSERT INTO Vehicle VALUES ('3134390', 'SUV', 'Chevrolet', '2023-01-19');
INSERT INTO ActivePlates VALUES ('10ADD5G', '2023-02-18', '3134390');
INSERT INTO Plates VALUES ('10ADD5G', '2023-02-18', '3134390', 1);
INSERT INTO Vehicle VALUES ('0332640', 'SUV', 'Chevrolet', '2022-08-13');
INSERT INTO ActivePlates VALUES ('9UBFUFQ', '2022-11-15', '0332640');
INSERT INTO Plates VALUES ('9UBFUFQ', '2022-11-15', '0332640', 1);
INSERT INTO InactivePlates VALUES ('5ICAY91', '2022-10-06', '0332640', '2022-10-17');
INSERT INTO Plates VALUES ('5ICAY91', '2022-10-06', '0332640', 0);
INSERT INTO InactivePlates VALUES ('S7HH8IW', '2022-08-28', '0332640', '2022-09-26');
INSERT INTO Plates VALUES ('S7HH8IW', '2022-08-28', '0332640', 0);
INSERT INTO Vehicle VALUES ('2782856', 'Hatchback', 'Toyota', '2022-08-26');
INSERT INTO InactivePlates VALUES ('F42TOB2', '2022-10-17', '2782856', '2023-01-01');
INSERT INTO Plates VALUES ('F42TOB2', '2022-10-17', '2782856', 0);
INSERT INTO Revisions (plateNumber, revisionDate, outcome, motivation) VALUES ('F42TOB2', '2022-11-18', 'positive', NULL);
INSERT INTO InactivePlates VALUES ('OR0XF9I', '2022-09-15', '2782856', '2022-09-17');
INSERT INTO Plates VALUES ('OR0XF9I', '2022-09-15', '2782856', 0);
INSERT INTO Revisions (plateNumber, revisionDate, outcome, motivation) VALUES ('OR0XF9I', '2022-09-17', 'negative', 'Some reason for negative outcome');
INSERT INTO Vehicle VALUES ('5091933', 'Truck', 'BMW', '2022-07-02');
INSERT INTO ActivePlates VALUES ('Z2BODW4', '2022-10-09', '5091933');
INSERT INTO Plates VALUES ('Z2BODW4', '2022-10-09', '5091933', 1);
INSERT INTO Revisions (plateNumber, revisionDate, outcome, motivation) VALUES ('Z2BODW4', '2023-06-01', 'positive', NULL);
INSERT INTO Revisions (plateNumber, revisionDate, outcome, motivation) VALUES ('Z2BODW4', '2023-08-02', 'negative', 'Some reason for negative outcome');
INSERT INTO InactivePlates VALUES ('7JHUL9B', '2022-08-25', '5091933', '2022-10-05');
INSERT INTO Plates VALUES ('7JHUL9B', '2022-08-25', '5091933', 0);
INSERT INTO Revisions (plateNumber, revisionDate, outcome, motivation) VALUES ('7JHUL9B', '2022-10-05', 'positive', NULL);
INSERT INTO InactivePlates VALUES ('EKRENIK', '2022-07-18', '5091933', '2022-08-08');
INSERT INTO Plates VALUES ('EKRENIK', '2022-07-18', '5091933', 0);
INSERT INTO Revisions (plateNumber, revisionDate, outcome, motivation) VALUES ('EKRENIK', '2022-07-20', 'positive', NULL);
INSERT INTO Revisions (plateNumber, revisionDate, outcome, motivation) VALUES ('EKRENIK', '2022-08-03', 'positive', NULL);
INSERT INTO Vehicle VALUES ('9250966', 'Truck', 'Toyota', '2023-02-10');
INSERT INTO Vehicle VALUES ('3243651', 'Sedan', 'Toyota', '2022-10-17');
INSERT INTO InactivePlates VALUES ('FJ8XXTB', '2023-01-17', '3243651', '2023-08-26');
INSERT INTO Plates VALUES ('FJ8XXTB', '2023-01-17', '3243651', 0);
INSERT INTO Revisions (plateNumber, revisionDate, outcome, motivation) VALUES ('FJ8XXTB', '2023-08-03', 'negative', 'Some reason for negative outcome');
INSERT INTO InactivePlates VALUES ('D565BR6', '2022-12-05', '3243651', '2023-01-05');
INSERT INTO Plates VALUES ('D565BR6', '2022-12-05', '3243651', 0);
INSERT INTO Revisions (plateNumber, revisionDate, outcome, motivation) VALUES ('D565BR6', '2022-12-14', 'negative', 'Some reason for negative outcome');
INSERT INTO InactivePlates VALUES ('V4QHHYK', '2022-10-27', '3243651', '2022-11-20');
INSERT INTO Plates VALUES ('V4QHHYK', '2022-10-27', '3243651', 0);
INSERT INTO Revisions (plateNumber, revisionDate, outcome, motivation) VALUES ('V4QHHYK', '2022-11-10', 'positive', NULL);
INSERT INTO Vehicle VALUES ('0374129', 'Sedan', 'BMW', '2022-07-03');
INSERT INTO ActivePlates VALUES ('LRQMD3E', '2022-10-19', '0374129');
INSERT INTO Plates VALUES ('LRQMD3E', '2022-10-19', '0374129', 1);
INSERT INTO Revisions (plateNumber, revisionDate, outcome, motivation) VALUES ('LRQMD3E', '2022-12-08', 'negative', 'Some reason for negative outcome');
INSERT INTO InactivePlates VALUES ('TGWSIIA', '2022-09-06', '0374129', '2022-10-12');
INSERT INTO Plates VALUES ('TGWSIIA', '2022-09-06', '0374129', 0);
INSERT INTO Revisions (plateNumber, revisionDate, outcome, motivation) VALUES ('TGWSIIA', '2022-09-21', 'positive', NULL);
INSERT INTO InactivePlates VALUES ('D1UI2FP', '2022-07-27', '0374129', '2022-08-29');
INSERT INTO Plates VALUES ('D1UI2FP', '2022-07-27', '0374129', 0);
INSERT INTO Revisions (plateNumber, revisionDate, outcome, motivation) VALUES ('D1UI2FP', '2022-08-02', 'positive', NULL);
INSERT INTO Vehicle VALUES ('5613650', 'Hatchback', 'Chevrolet', '2023-01-02');
INSERT INTO Vehicle VALUES ('6301814', 'Hatchback', 'Toyota', '2023-01-14');
INSERT INTO ActivePlates VALUES ('1BNKSO7', '2023-04-17', '6301814');
INSERT INTO Plates VALUES ('1BNKSO7', '2023-04-17', '6301814', 1);
INSERT INTO InactivePlates VALUES ('L7WGBEL', '2023-03-11', '6301814', '2023-04-06');
INSERT INTO Plates VALUES ('L7WGBEL', '2023-03-11', '6301814', 0);
INSERT INTO InactivePlates VALUES ('LFB3PQP', '2023-01-26', '6301814', '2023-02-08');
INSERT INTO Plates VALUES ('LFB3PQP', '2023-01-26', '6301814', 0);
INSERT INTO Revisions (plateNumber, revisionDate, outcome, motivation) VALUES ('LFB3PQP', '2023-02-08', 'positive', NULL);
INSERT INTO Vehicle VALUES ('6362681', 'Truck', 'Ford', '2023-04-17');
INSERT INTO ActivePlates VALUES ('20NNILT', '2023-05-10', '6362681');
INSERT INTO Plates VALUES ('20NNILT', '2023-05-10', '6362681', 1);
INSERT INTO Revisions (plateNumber, revisionDate, outcome, motivation) VALUES ('20NNILT', '2023-10-03', 'positive', NULL);
INSERT INTO Vehicle VALUES ('1407045', 'Truck', 'Honda', '2023-04-22');
INSERT INTO ActivePlates VALUES ('HG7CSYU', '2023-06-22', '1407045');
INSERT INTO Plates VALUES ('HG7CSYU', '2023-06-22', '1407045', 1);
INSERT INTO Revisions (plateNumber, revisionDate, outcome, motivation) VALUES ('HG7CSYU', '2023-09-29', 'positive', NULL);
INSERT INTO InactivePlates VALUES ('PXC3GRN', '2023-05-12', '1407045', '2023-06-20');
INSERT INTO Plates VALUES ('PXC3GRN', '2023-05-12', '1407045', 0);
INSERT INTO Revisions (plateNumber, revisionDate, outcome, motivation) VALUES ('PXC3GRN', '2023-05-22', 'negative', 'Some reason for negative outcome');
INSERT INTO Revisions (plateNumber, revisionDate, outcome, motivation) VALUES ('PXC3GRN', '2023-06-14', 'negative', 'Some reason for negative outcome');
INSERT INTO Vehicle VALUES ('9073370', 'SUV', 'Honda', '2023-01-07');
INSERT INTO ActivePlates VALUES ('503VKZS', '2023-01-30', '9073370');
INSERT INTO Plates VALUES ('503VKZS', '2023-01-30', '9073370', 1);
INSERT INTO Revisions (plateNumber, revisionDate, outcome, motivation) VALUES ('503VKZS', '2024-01-04', 'negative', 'Some reason for negative outcome');
INSERT INTO Vehicle VALUES ('8099243', 'Sedan', 'Honda', '2022-09-14');
INSERT INTO ActivePlates VALUES ('ANZWBMR', '2022-11-16', '8099243');
INSERT INTO Plates VALUES ('ANZWBMR', '2022-11-16', '8099243', 1);
INSERT INTO Revisions (plateNumber, revisionDate, outcome, motivation) VALUES ('ANZWBMR', '2022-12-30', 'positive', NULL);
INSERT INTO Revisions (plateNumber, revisionDate, outcome, motivation) VALUES ('ANZWBMR', '2023-04-27', 'negative', 'Some reason for negative outcome');
INSERT INTO InactivePlates VALUES ('9GS04MJ', '2022-09-27', '8099243', '2022-10-17');
INSERT INTO Plates VALUES ('9GS04MJ', '2022-09-27', '8099243', 0);
INSERT INTO Revisions (plateNumber, revisionDate, outcome, motivation) VALUES ('9GS04MJ', '2022-10-06', 'negative', 'Some reason for negative outcome');
INSERT INTO Vehicle VALUES ('1896933', 'SUV', 'Ford', '2022-05-31');
INSERT INTO ActivePlates VALUES ('BWBPFOY', '2022-09-27', '1896933');
INSERT INTO Plates VALUES ('BWBPFOY', '2022-09-27', '1896933', 1);
INSERT INTO InactivePlates VALUES ('X8CKMRO', '2022-08-09', '1896933', '2022-08-31');
INSERT INTO Plates VALUES ('X8CKMRO', '2022-08-09', '1896933', 0);
INSERT INTO Revisions (plateNumber, revisionDate, outcome, motivation) VALUES ('X8CKMRO', '2022-08-13', 'negative', 'Some reason for negative outcome');
INSERT INTO Revisions (plateNumber, revisionDate, outcome, motivation) VALUES ('X8CKMRO', '2022-08-24', 'positive', NULL);
INSERT INTO InactivePlates VALUES ('7BX9MF1', '2022-06-27', '1896933', '2022-07-28');
INSERT INTO Plates VALUES ('7BX9MF1', '2022-06-27', '1896933', 0);
INSERT INTO Revisions (plateNumber, revisionDate, outcome, motivation) VALUES ('7BX9MF1', '2022-07-09', 'positive', NULL);
INSERT INTO Vehicle VALUES ('5847375', 'SUV', 'BMW', '2022-12-06');
INSERT INTO InactivePlates VALUES ('FUPY5GU', '2023-03-28', '5847375', '2023-09-21');
INSERT INTO Plates VALUES ('FUPY5GU', '2023-03-28', '5847375', 0);
INSERT INTO Revisions (plateNumber, revisionDate, outcome, motivation) VALUES ('FUPY5GU', '2023-05-24', 'negative', 'Some reason for negative outcome');
INSERT INTO InactivePlates VALUES ('8M4L95P', '2023-02-14', '5847375', '2023-03-23');
INSERT INTO Plates VALUES ('8M4L95P', '2023-02-14', '5847375', 0);
INSERT INTO Revisions (plateNumber, revisionDate, outcome, motivation) VALUES ('8M4L95P', '2023-02-27', 'negative', 'Some reason for negative outcome');
INSERT INTO InactivePlates VALUES ('A8C4VOB', '2023-01-03', '5847375', '2023-01-04');
INSERT INTO Plates VALUES ('A8C4VOB', '2023-01-03', '5847375', 0);
INSERT INTO Revisions (plateNumber, revisionDate, outcome, motivation) VALUES ('A8C4VOB', '2023-01-04', 'negative', 'Some reason for negative outcome');
INSERT INTO Vehicle VALUES ('7989395', 'Hatchback', 'Ford', '2022-06-01');
INSERT INTO ActivePlates VALUES ('1HR06CQ', '2022-07-30', '7989395');
INSERT INTO Plates VALUES ('1HR06CQ', '2022-07-30', '7989395', 1);
INSERT INTO InactivePlates VALUES ('K1G20UY', '2022-06-28', '7989395', '2022-07-11');
INSERT INTO Plates VALUES ('K1G20UY', '2022-06-28', '7989395', 0);
INSERT INTO Vehicle VALUES ('6718477', 'Hatchback', 'Toyota', '2022-12-27');
INSERT INTO InactivePlates VALUES ('JBLCRFQ', '2023-03-29', '6718477', '2023-05-22');
INSERT INTO Plates VALUES ('JBLCRFQ', '2023-03-29', '6718477', 0);
INSERT INTO Revisions (plateNumber, revisionDate, outcome, motivation) VALUES ('JBLCRFQ', '2023-04-06', 'positive', NULL);
INSERT INTO InactivePlates VALUES ('GQNCA7P', '2023-02-22', '6718477', '2023-03-12');
INSERT INTO Plates VALUES ('GQNCA7P', '2023-02-22', '6718477', 0);
INSERT INTO Revisions (plateNumber, revisionDate, outcome, motivation) VALUES ('GQNCA7P', '2023-03-10', 'positive', NULL);
INSERT INTO InactivePlates VALUES ('2U0S2M9', '2023-01-20', '6718477', '2023-02-18');
INSERT INTO Plates VALUES ('2U0S2M9', '2023-01-20', '6718477', 0);
INSERT INTO Revisions (plateNumber, revisionDate, outcome, motivation) VALUES ('2U0S2M9', '2023-01-24', 'negative', 'Some reason for negative outcome');
INSERT INTO Vehicle VALUES ('5672460', 'Hatchback', 'Ford', '2022-12-28');
INSERT INTO ActivePlates VALUES ('8WPPSQT', '2023-02-27', '5672460');
INSERT INTO Plates VALUES ('8WPPSQT', '2023-02-27', '5672460', 1);
INSERT INTO Revisions (plateNumber, revisionDate, outcome, motivation) VALUES ('8WPPSQT', '2024-01-20', 'negative', 'Some reason for negative outcome');
INSERT INTO Revisions (plateNumber, revisionDate, outcome, motivation) VALUES ('8WPPSQT', '2024-03-13', 'positive', NULL);
INSERT INTO InactivePlates VALUES ('3NXOHB9', '2023-01-26', '5672460', '2023-02-10');
INSERT INTO Plates VALUES ('3NXOHB9', '2023-01-26', '5672460', 0);
INSERT INTO Revisions (plateNumber, revisionDate, outcome, motivation) VALUES ('3NXOHB9', '2023-02-06', 'negative', 'Some reason for negative outcome');
INSERT INTO Vehicle VALUES ('6516987', 'Hatchback', 'Toyota', '2022-06-04');
INSERT INTO InactivePlates VALUES ('5AGSH61', '2022-07-31', '6516987', '2024-04-26');
INSERT INTO Plates VALUES ('5AGSH61', '2022-07-31', '6516987', 0);
INSERT INTO Revisions (plateNumber, revisionDate, outcome, motivation) VALUES ('5AGSH61', '2024-01-07', 'negative', 'Some reason for negative outcome');
INSERT INTO InactivePlates VALUES ('3HZN3LM', '2022-07-01', '6516987', '2022-07-09');
INSERT INTO Plates VALUES ('3HZN3LM', '2022-07-01', '6516987', 0);
INSERT INTO Revisions (plateNumber, revisionDate, outcome, motivation) VALUES ('3HZN3LM', '2022-07-09', 'positive', NULL);
INSERT INTO Vehicle VALUES ('5148209', 'Sedan', 'Toyota', '2022-06-09');
INSERT INTO InactivePlates VALUES ('FLF2DOH', '2022-08-14', '5148209', '2023-08-01');
INSERT INTO Plates VALUES ('FLF2DOH', '2022-08-14', '5148209', 0);
INSERT INTO Revisions (plateNumber, revisionDate, outcome, motivation) VALUES ('FLF2DOH', '2023-04-02', 'negative', 'Some reason for negative outcome');
INSERT INTO InactivePlates VALUES ('2COQSYE', '2022-07-06', '5148209', '2022-07-19');
INSERT INTO Plates VALUES ('2COQSYE', '2022-07-06', '5148209', 0);
INSERT INTO Revisions (plateNumber, revisionDate, outcome, motivation) VALUES ('2COQSYE', '2022-07-14', 'positive', NULL);
INSERT INTO Vehicle VALUES ('1968295', 'Truck', 'BMW', '2022-11-20');
INSERT INTO ActivePlates VALUES ('700T2QP', '2023-02-27', '1968295');
INSERT INTO Plates VALUES ('700T2QP', '2023-02-27', '1968295', 1);
INSERT INTO Revisions (plateNumber, revisionDate, outcome, motivation) VALUES ('700T2QP', '2023-04-07', 'positive', NULL);
INSERT INTO Revisions (plateNumber, revisionDate, outcome, motivation) VALUES ('700T2QP', '2024-03-11', 'positive', NULL);
INSERT INTO InactivePlates VALUES ('CHSB67R', '2023-01-26', '1968295', '2023-02-07');
INSERT INTO Plates VALUES ('CHSB67R', '2023-01-26', '1968295', 0);
INSERT INTO InactivePlates VALUES ('U0M7GI8', '2022-12-10', '1968295', '2022-12-20');
INSERT INTO Plates VALUES ('U0M7GI8', '2022-12-10', '1968295', 0);
INSERT INTO Revisions (plateNumber, revisionDate, outcome, motivation) VALUES ('U0M7GI8', '2022-12-14', 'positive', NULL);
INSERT INTO Revisions (plateNumber, revisionDate, outcome, motivation) VALUES ('U0M7GI8', '2022-12-11', 'negative', 'Some reason for negative outcome');
INSERT INTO Vehicle VALUES ('0212484', 'Sedan', 'Honda', '2023-03-06');
INSERT INTO ActivePlates VALUES ('9SMGWO4', '2023-06-22', '0212484');
INSERT INTO Plates VALUES ('9SMGWO4', '2023-06-22', '0212484', 1);
INSERT INTO Revisions (plateNumber, revisionDate, outcome, motivation) VALUES ('9SMGWO4', '2024-01-26', 'negative', 'Some reason for negative outcome');
INSERT INTO InactivePlates VALUES ('WLXJNW7', '2023-05-04', '0212484', '2023-05-23');
INSERT INTO Plates VALUES ('WLXJNW7', '2023-05-04', '0212484', 0);
INSERT INTO InactivePlates VALUES ('6ZF5CDS', '2023-04-02', '0212484', '2023-04-18');
INSERT INTO Plates VALUES ('6ZF5CDS', '2023-04-02', '0212484', 0);
INSERT INTO Revisions (plateNumber, revisionDate, outcome, motivation) VALUES ('6ZF5CDS', '2023-04-12', 'negative', 'Some reason for negative outcome');
INSERT INTO Revisions (plateNumber, revisionDate, outcome, motivation) VALUES ('6ZF5CDS', '2023-04-14', 'positive', NULL);
INSERT INTO Vehicle VALUES ('8158388', 'Hatchback', 'Honda', '2023-04-05');
INSERT INTO InactivePlates VALUES ('XA2FS9G', '2023-05-03', '8158388', '2024-02-15');
INSERT INTO Plates VALUES ('XA2FS9G', '2023-05-03', '8158388', 0);
INSERT INTO Revisions (plateNumber, revisionDate, outcome, motivation) VALUES ('XA2FS9G', '2024-01-28', 'positive', NULL);
INSERT INTO Vehicle VALUES ('1300889', 'Hatchback', 'Toyota', '2022-06-27');
INSERT INTO Vehicle VALUES ('4877583', 'Sedan', 'BMW', '2022-08-06');
INSERT INTO ActivePlates VALUES ('D3FY957', '2022-11-05', '4877583');
INSERT INTO Plates VALUES ('D3FY957', '2022-11-05', '4877583', 1);
INSERT INTO InactivePlates VALUES ('ULOVIWN', '2022-10-05', '4877583', '2022-10-29');
INSERT INTO Plates VALUES ('ULOVIWN', '2022-10-05', '4877583', 0);
INSERT INTO Revisions (plateNumber, revisionDate, outcome, motivation) VALUES ('ULOVIWN', '2022-10-23', 'negative', 'Some reason for negative outcome');
INSERT INTO Revisions (plateNumber, revisionDate, outcome, motivation) VALUES ('ULOVIWN', '2022-10-13', 'negative', 'Some reason for negative outcome');
INSERT INTO InactivePlates VALUES ('5Z96BO1', '2022-09-01', '4877583', '2022-09-30');
INSERT INTO Plates VALUES ('5Z96BO1', '2022-09-01', '4877583', 0);
INSERT INTO Vehicle VALUES ('8241189', 'Sedan', 'Toyota', '2022-07-27');
INSERT INTO ActivePlates VALUES ('SZA23MK', '2022-09-20', '8241189');
INSERT INTO Plates VALUES ('SZA23MK', '2022-09-20', '8241189', 1);
INSERT INTO Revisions (plateNumber, revisionDate, outcome, motivation) VALUES ('SZA23MK', '2023-04-02', 'negative', 'Some reason for negative outcome');
INSERT INTO InactivePlates VALUES ('YQB5SWT', '2022-08-17', '8241189', '2022-09-13');
INSERT INTO Plates VALUES ('YQB5SWT', '2022-08-17', '8241189', 0);
INSERT INTO Revisions (plateNumber, revisionDate, outcome, motivation) VALUES ('YQB5SWT', '2022-09-01', 'positive', NULL);
INSERT INTO Vehicle VALUES ('7581128', 'Hatchback', 'BMW', '2022-07-02');
INSERT INTO ActivePlates VALUES ('XYFAWZR', '2022-07-24', '7581128');
INSERT INTO Plates VALUES ('XYFAWZR', '2022-07-24', '7581128', 1);
INSERT INTO Revisions (plateNumber, revisionDate, outcome, motivation) VALUES ('XYFAWZR', '2022-08-22', 'negative', 'Some reason for negative outcome');
INSERT INTO Vehicle VALUES ('2103751', 'Hatchback', 'BMW', '2022-09-28');
INSERT INTO ActivePlates VALUES ('TCJF6AS', '2022-10-26', '2103751');
INSERT INTO Plates VALUES ('TCJF6AS', '2022-10-26', '2103751', 1);
INSERT INTO Revisions (plateNumber, revisionDate, outcome, motivation) VALUES ('TCJF6AS', '2022-12-17', 'negative', 'Some reason for negative outcome');
