CREATE TABLE IF NOT EXISTS Vehicle (
                    number VARCHAR(7) PRIMARY KEY,
                    model VARCHAR(20),
                    brand VARCHAR(20),
                    prodDate DATE);
CREATE TABLE IF NOT EXISTS ActivePlates (
                    number VARCHAR(7) PRIMARY KEY,
                    emissionDate DATE,
                    vehicleNumber VARCHAR(7),
                    FOREIGN KEY(vehicleNumber) REFERENCES Vehicle(number));
CREATE TABLE IF NOT EXISTS InactivePlates (
                    number VARCHAR(7) PRIMARY KEY,
                    emissionDate DATE,
                    vehicleNumber VARCHAR(7),
                    resDate DATE,
                    FOREIGN KEY(vehicleNumber) REFERENCES Vehicle(number));
CREATE TABLE IF NOT EXISTS Plates (
                    number VARCHAR(7) PRIMARY KEY,
                    emissionDate DATE,
                    vehicleNumber VARCHAR(7),
                    active BOOLEAN,
                    FOREIGN KEY(vehicleNumber) REFERENCES Vehicle(number));
CREATE TABLE IF NOT EXISTS Revisions (
                    id INT AUTO_INCREMENT PRIMARY KEY,
                    plateNumber VARCHAR(7),
                    revisionDate DATE,
                    outcome VARCHAR(10),
                    motivation TEXT,
                    FOREIGN KEY(plateNumber) REFERENCES Plates(number));
INSERT INTO Vehicle VALUES ('5475515', 'SUV', 'Hyundai', '2023-04-11');
INSERT INTO Vehicle VALUES ('3512590', 'Minivan', 'Audi', '2023-03-04');
INSERT INTO Vehicle VALUES ('9739344', 'Minivan', 'Nissan', '2022-10-12');
INSERT INTO Vehicle VALUES ('5167288', 'Sports Car', 'Porsche', '2022-08-15');
INSERT INTO Vehicle VALUES ('9363024', 'SUV', 'Audi', '2022-06-12');
INSERT INTO ActivePlates VALUES ('RJ754NK', '2022-09-10', '9363024');
INSERT INTO Plates VALUES ('RJ754NK', '2022-09-10', '9363024', 1);
INSERT INTO InactivePlates VALUES ('MK934CE', '2022-08-08', '9363024', '2022-09-06');
INSERT INTO Plates VALUES ('MK934CE', '2022-08-08', '9363024', 0);
INSERT INTO Revisions (plateNumber, revisionDate, outcome, motivation) VALUES ('MK934CE', '2022-08-12', 'positive', NULL);
INSERT INTO InactivePlates VALUES ('DX540LV', '2022-07-01', '9363024', '2022-07-29');
INSERT INTO Plates VALUES ('DX540LV', '2022-07-01', '9363024', 0);
INSERT INTO Revisions (plateNumber, revisionDate, outcome, motivation) VALUES ('DX540LV', '2022-07-09', 'positive', NULL);
INSERT INTO Revisions (plateNumber, revisionDate, outcome, motivation) VALUES ('DX540LV', '2022-07-24', 'negative', 'Documentazione errata presentata');
INSERT INTO Revisions (plateNumber, revisionDate, outcome, motivation) VALUES ('DX540LV', '2022-07-22', 'positive', NULL);
INSERT INTO Vehicle VALUES ('1451456', 'Convertible', 'Tesla', '2022-10-15');
INSERT INTO ActivePlates VALUES ('PL986NC', '2022-12-03', '1451456');
INSERT INTO Plates VALUES ('PL986NC', '2022-12-03', '1451456', 1);
INSERT INTO InactivePlates VALUES ('AC766TM', '2022-11-03', '1451456', '2022-11-19');
INSERT INTO Plates VALUES ('AC766TM', '2022-11-03', '1451456', 0);
INSERT INTO Revisions (plateNumber, revisionDate, outcome, motivation) VALUES ('AC766TM', '2022-11-11', 'positive', NULL);
INSERT INTO Revisions (plateNumber, revisionDate, outcome, motivation) VALUES ('AC766TM', '2022-11-13', 'negative', 'Modifiche improprie apportate al veicolo');
INSERT INTO Revisions (plateNumber, revisionDate, outcome, motivation) VALUES ('AC766TM', '2022-11-19', 'negative', 'Veicolo coinvolto in incidente');
INSERT INTO Vehicle VALUES ('2232894', 'Convertible', 'Audi', '2022-07-13');
INSERT INTO ActivePlates VALUES ('HF890AV', '2022-07-29', '2232894');
INSERT INTO Plates VALUES ('HF890AV', '2022-07-29', '2232894', 1);
INSERT INTO Vehicle VALUES ('5622228', 'Sports Car', 'Jaguar', '2022-07-06');
INSERT INTO Vehicle VALUES ('9781664', 'Hatchback', 'Honda', '2022-09-24');
INSERT INTO ActivePlates VALUES ('SX449XD', '2022-11-22', '9781664');
INSERT INTO Plates VALUES ('SX449XD', '2022-11-22', '9781664', 1);
INSERT INTO Revisions (plateNumber, revisionDate, outcome, motivation) VALUES ('SX449XD', '2023-10-26', 'negative', 'Modifiche illegali apportate al veicolo');
INSERT INTO InactivePlates VALUES ('DQ573NO', '2022-10-10', '9781664', '2022-10-23');
INSERT INTO Plates VALUES ('DQ573NO', '2022-10-10', '9781664', 0);
INSERT INTO Vehicle VALUES ('9811239', 'Hatchback', 'Ford', '2023-01-01');
INSERT INTO ActivePlates VALUES ('ZA625JX', '2023-02-26', '9811239');
INSERT INTO Plates VALUES ('ZA625JX', '2023-02-26', '9811239', 1);
INSERT INTO InactivePlates VALUES ('ND406DI', '2023-01-15', '9811239', '2023-02-22');
INSERT INTO Plates VALUES ('ND406DI', '2023-01-15', '9811239', 0);
INSERT INTO Vehicle VALUES ('6351269', 'Sedan', 'Kia', '2022-08-02');
INSERT INTO ActivePlates VALUES ('UR061VS', '2022-10-05', '6351269');
INSERT INTO Plates VALUES ('UR061VS', '2022-10-05', '6351269', 1);
INSERT INTO Revisions (plateNumber, revisionDate, outcome, motivation) VALUES ('UR061VS', '2024-03-02', 'positive', NULL);
INSERT INTO Revisions (plateNumber, revisionDate, outcome, motivation) VALUES ('UR061VS', '2023-04-11', 'positive', NULL);
INSERT INTO InactivePlates VALUES ('PR476UU', '2022-08-17', '6351269', '2022-09-24');
INSERT INTO Plates VALUES ('PR476UU', '2022-08-17', '6351269', 0);
INSERT INTO Vehicle VALUES ('9907523', 'Truck', 'Mercedes-Benz', '2023-03-14');
INSERT INTO InactivePlates VALUES ('PP445QH', '2023-04-04', '9907523', '2023-05-27');
INSERT INTO Plates VALUES ('PP445QH', '2023-04-04', '9907523', 0);
INSERT INTO Revisions (plateNumber, revisionDate, outcome, motivation) VALUES ('PP445QH', '2023-05-27', 'negative', 'Non conformità alle normative');
INSERT INTO Vehicle VALUES ('6555459', 'Coupe', 'Lexus', '2022-10-12');
INSERT INTO ActivePlates VALUES ('SP513ZG', '2022-10-29', '6555459');
INSERT INTO Plates VALUES ('SP513ZG', '2022-10-29', '6555459', 1);
INSERT INTO Vehicle VALUES ('4453300', 'Convertible', 'Honda', '2023-04-27');
INSERT INTO ActivePlates VALUES ('NL428UE', '2023-06-10', '4453300');
INSERT INTO Plates VALUES ('NL428UE', '2023-06-10', '4453300', 1);
INSERT INTO Revisions (plateNumber, revisionDate, outcome, motivation) VALUES ('NL428UE', '2023-12-05', 'negative', 'Registrazione fraudolenta');
INSERT INTO InactivePlates VALUES ('ZL652XB', '2023-05-08', '4453300', '2023-05-20');
INSERT INTO Plates VALUES ('ZL652XB', '2023-05-08', '4453300', 0);
INSERT INTO Revisions (plateNumber, revisionDate, outcome, motivation) VALUES ('ZL652XB', '2023-05-14', 'positive', NULL);
INSERT INTO Vehicle VALUES ('3516190', 'Truck', 'Honda', '2023-01-28');
INSERT INTO InactivePlates VALUES ('MG390MB', '2023-05-03', '3516190', '2024-04-19');
INSERT INTO Plates VALUES ('MG390MB', '2023-05-03', '3516190', 0);
INSERT INTO Revisions (plateNumber, revisionDate, outcome, motivation) VALUES ('MG390MB', '2023-12-15', 'positive', NULL);
INSERT INTO InactivePlates VALUES ('VP622VB', '2023-03-16', '3516190', '2023-04-01');
INSERT INTO Plates VALUES ('VP622VB', '2023-03-16', '3516190', 0);
INSERT INTO Revisions (plateNumber, revisionDate, outcome, motivation) VALUES ('VP622VB', '2023-03-17', 'positive', NULL);
INSERT INTO InactivePlates VALUES ('BF395KQ', '2023-02-08', '3516190', '2023-03-15');
INSERT INTO Plates VALUES ('BF395KQ', '2023-02-08', '3516190', 0);
INSERT INTO Revisions (plateNumber, revisionDate, outcome, motivation) VALUES ('BF395KQ', '2023-03-03', 'negative', 'Targa danneggiata o manomessa');
INSERT INTO Vehicle VALUES ('8429669', 'SUV', 'Jeep', '2023-04-27');
INSERT INTO ActivePlates VALUES ('GU446QL', '2023-05-14', '8429669');
INSERT INTO Plates VALUES ('GU446QL', '2023-05-14', '8429669', 1);
INSERT INTO Vehicle VALUES ('4310520', 'SUV', 'Audi', '2022-11-21');
INSERT INTO Vehicle VALUES ('4676255', 'Truck', 'Honda', '2022-10-15');
INSERT INTO ActivePlates VALUES ('CI869NY', '2023-01-11', '4676255');
INSERT INTO Plates VALUES ('CI869NY', '2023-01-11', '4676255', 1);
INSERT INTO Revisions (plateNumber, revisionDate, outcome, motivation) VALUES ('CI869NY', '2024-05-01', 'positive', NULL);
INSERT INTO Revisions (plateNumber, revisionDate, outcome, motivation) VALUES ('CI869NY', '2023-02-02', 'negative', 'Non conformità alle normative');
INSERT INTO InactivePlates VALUES ('OB233XG', '2022-12-10', '4676255', '2023-01-08');
INSERT INTO Plates VALUES ('OB233XG', '2022-12-10', '4676255', 0);
INSERT INTO Revisions (plateNumber, revisionDate, outcome, motivation) VALUES ('OB233XG', '2023-01-02', 'positive', NULL);
INSERT INTO Revisions (plateNumber, revisionDate, outcome, motivation) VALUES ('OB233XG', '2022-12-26', 'negative', 'Targa danneggiata o manomessa');
INSERT INTO InactivePlates VALUES ('PQ288DB', '2022-11-06', '4676255', '2022-11-26');
INSERT INTO Plates VALUES ('PQ288DB', '2022-11-06', '4676255', 0);
INSERT INTO Vehicle VALUES ('8077935', 'SUV', 'Nissan', '2022-12-25');
INSERT INTO InactivePlates VALUES ('DB569UQ', '2023-02-24', '8077935', '2023-04-26');
INSERT INTO Plates VALUES ('DB569UQ', '2023-02-24', '8077935', 0);
INSERT INTO Revisions (plateNumber, revisionDate, outcome, motivation) VALUES ('DB569UQ', '2023-02-28', 'negative', 'Violazione delle normative ambientali');
INSERT INTO InactivePlates VALUES ('VQ175CO', '2023-01-17', '8077935', '2023-02-15');
INSERT INTO Plates VALUES ('VQ175CO', '2023-01-17', '8077935', 0);
INSERT INTO Revisions (plateNumber, revisionDate, outcome, motivation) VALUES ('VQ175CO', '2023-01-21', 'negative', 'Mancato pagamento di imposte');
INSERT INTO Vehicle VALUES ('6898598', 'Hatchback', 'Toyota', '2022-06-22');
INSERT INTO ActivePlates VALUES ('VU040RV', '2022-09-23', '6898598');
INSERT INTO Plates VALUES ('VU040RV', '2022-09-23', '6898598', 1);
INSERT INTO Revisions (plateNumber, revisionDate, outcome, motivation) VALUES ('VU040RV', '2022-12-22', 'negative', 'Mancato pagamento di imposte');
INSERT INTO InactivePlates VALUES ('FI862SD', '2022-08-15', '6898598', '2022-09-21');
INSERT INTO Plates VALUES ('FI862SD', '2022-08-15', '6898598', 0);
INSERT INTO Revisions (plateNumber, revisionDate, outcome, motivation) VALUES ('FI862SD', '2022-09-08', 'negative', 'Veicolo segnalato come rubato');
INSERT INTO Revisions (plateNumber, revisionDate, outcome, motivation) VALUES ('FI862SD', '2022-08-25', 'positive', NULL);
INSERT INTO InactivePlates VALUES ('XW868WI', '2022-07-08', '6898598', '2022-08-06');
INSERT INTO Plates VALUES ('XW868WI', '2022-07-08', '6898598', 0);
INSERT INTO Revisions (plateNumber, revisionDate, outcome, motivation) VALUES ('XW868WI', '2022-07-25', 'negative', 'Violazione delle normative ambientali');
INSERT INTO Vehicle VALUES ('7802927', 'SUV', 'Volkswagen', '2023-03-30');
INSERT INTO InactivePlates VALUES ('LW286DX', '2023-07-06', '7802927', '2023-11-12');
INSERT INTO Plates VALUES ('LW286DX', '2023-07-06', '7802927', 0);
INSERT INTO Revisions (plateNumber, revisionDate, outcome, motivation) VALUES ('LW286DX', '2023-09-22', 'positive', NULL);
INSERT INTO InactivePlates VALUES ('VY545HS', '2023-05-19', '7802927', '2023-05-24');
INSERT INTO Plates VALUES ('VY545HS', '2023-05-19', '7802927', 0);
INSERT INTO Revisions (plateNumber, revisionDate, outcome, motivation) VALUES ('VY545HS', '2023-05-24', 'negative', 'Mancato pagamento di imposte');
INSERT INTO InactivePlates VALUES ('RI339UV', '2023-04-16', '7802927', '2023-05-11');
INSERT INTO Plates VALUES ('RI339UV', '2023-04-16', '7802927', 0);
INSERT INTO Revisions (plateNumber, revisionDate, outcome, motivation) VALUES ('RI339UV', '2023-04-18', 'positive', NULL);
INSERT INTO Vehicle VALUES ('8720630', 'Hatchback', 'Volkswagen', '2022-06-05');
INSERT INTO Vehicle VALUES ('7274413', 'Sports Car', 'Chevrolet', '2023-04-09');
INSERT INTO InactivePlates VALUES ('NR541JH', '2023-06-25', '7274413', '2023-07-03');
INSERT INTO Plates VALUES ('NR541JH', '2023-06-25', '7274413', 0);
INSERT INTO Revisions (plateNumber, revisionDate, outcome, motivation) VALUES ('NR541JH', '2023-06-30', 'positive', NULL);
INSERT INTO InactivePlates VALUES ('XO277TW', '2023-05-09', '7274413', '2023-06-18');
INSERT INTO Plates VALUES ('XO277TW', '2023-05-09', '7274413', 0);
INSERT INTO Revisions (plateNumber, revisionDate, outcome, motivation) VALUES ('XO277TW', '2023-05-20', 'positive', NULL);
INSERT INTO Vehicle VALUES ('2383957', 'SUV', 'Lexus', '2023-05-12');
INSERT INTO InactivePlates VALUES ('DZ251QG', '2023-06-01', '2383957', '2024-01-09');
INSERT INTO Plates VALUES ('DZ251QG', '2023-06-01', '2383957', 0);
INSERT INTO Revisions (plateNumber, revisionDate, outcome, motivation) VALUES ('DZ251QG', '2023-07-28', 'positive', NULL);
INSERT INTO Vehicle VALUES ('9612379', 'Hatchback', 'Volvo', '2022-06-20');
INSERT INTO ActivePlates VALUES ('ZA636HM', '2022-08-31', '9612379');
INSERT INTO Plates VALUES ('ZA636HM', '2022-08-31', '9612379', 1);
INSERT INTO InactivePlates VALUES ('SU481RU', '2022-07-18', '9612379', '2022-08-14');
INSERT INTO Plates VALUES ('SU481RU', '2022-07-18', '9612379', 0);
INSERT INTO Vehicle VALUES ('7014682', 'Minivan', 'Lexus', '2023-03-17');
INSERT INTO ActivePlates VALUES ('KL874YG', '2023-06-12', '7014682');
INSERT INTO Plates VALUES ('KL874YG', '2023-06-12', '7014682', 1);
INSERT INTO Revisions (plateNumber, revisionDate, outcome, motivation) VALUES ('KL874YG', '2024-03-05', 'positive', NULL);
INSERT INTO Revisions (plateNumber, revisionDate, outcome, motivation) VALUES ('KL874YG', '2023-09-14', 'positive', NULL);
INSERT INTO Revisions (plateNumber, revisionDate, outcome, motivation) VALUES ('KL874YG', '2023-08-08', 'positive', NULL);
INSERT INTO InactivePlates VALUES ('OA394LX', '2023-04-30', '7014682', '2023-06-09');
INSERT INTO Plates VALUES ('OA394LX', '2023-04-30', '7014682', 0);
INSERT INTO Revisions (plateNumber, revisionDate, outcome, motivation) VALUES ('OA394LX', '2023-05-22', 'positive', NULL);
INSERT INTO Revisions (plateNumber, revisionDate, outcome, motivation) VALUES ('OA394LX', '2023-05-23', 'positive', NULL);
INSERT INTO InactivePlates VALUES ('DO602GI', '2023-03-28', '7014682', '2023-04-03');
INSERT INTO Plates VALUES ('DO602GI', '2023-03-28', '7014682', 0);
INSERT INTO Revisions (plateNumber, revisionDate, outcome, motivation) VALUES ('DO602GI', '2023-04-01', 'positive', NULL);
INSERT INTO Revisions (plateNumber, revisionDate, outcome, motivation) VALUES ('DO602GI', '2023-04-03', 'negative', 'Modifiche improprie apportate al veicolo');
INSERT INTO Vehicle VALUES ('0073118', 'SUV', 'Porsche', '2022-07-21');
INSERT INTO Vehicle VALUES ('9924428', 'SUV', 'Ferrari', '2023-02-04');
INSERT INTO Vehicle VALUES ('6854045', 'Crossover', 'Jaguar', '2022-08-16');
INSERT INTO ActivePlates VALUES ('HH696YY', '2022-09-01', '6854045');
INSERT INTO Plates VALUES ('HH696YY', '2022-09-01', '6854045', 1);
INSERT INTO Vehicle VALUES ('4844801', 'Coupe', 'BMW', '2022-11-16');
INSERT INTO Vehicle VALUES ('8763135', 'Crossover', 'Jaguar', '2022-12-19');
INSERT INTO ActivePlates VALUES ('YX354FO', '2023-03-23', '8763135');
INSERT INTO Plates VALUES ('YX354FO', '2023-03-23', '8763135', 1);
INSERT INTO InactivePlates VALUES ('KP128BM', '2023-02-13', '8763135', '2023-03-21');
INSERT INTO Plates VALUES ('KP128BM', '2023-02-13', '8763135', 0);
INSERT INTO Revisions (plateNumber, revisionDate, outcome, motivation) VALUES ('KP128BM', '2023-02-22', 'positive', NULL);
INSERT INTO Revisions (plateNumber, revisionDate, outcome, motivation) VALUES ('KP128BM', '2023-02-16', 'negative', 'Mancato pagamento di multe o tasse');
INSERT INTO InactivePlates VALUES ('ZM416IT', '2023-01-07', '8763135', '2023-01-18');
INSERT INTO Plates VALUES ('ZM416IT', '2023-01-07', '8763135', 0);
INSERT INTO Revisions (plateNumber, revisionDate, outcome, motivation) VALUES ('ZM416IT', '2023-01-12', 'negative', 'Targa persa o rubata');
INSERT INTO Vehicle VALUES ('8650319', 'Hatchback', 'Kia', '2022-11-09');
INSERT INTO ActivePlates VALUES ('FQ731SQ', '2023-01-03', '8650319');
INSERT INTO Plates VALUES ('FQ731SQ', '2023-01-03', '8650319', 1);
INSERT INTO Revisions (plateNumber, revisionDate, outcome, motivation) VALUES ('FQ731SQ', '2023-10-13', 'negative', 'Documentazione errata presentata');
INSERT INTO InactivePlates VALUES ('KB969OW', '2022-12-04', '8650319', '2022-12-15');
INSERT INTO Plates VALUES ('KB969OW', '2022-12-04', '8650319', 0);
INSERT INTO Revisions (plateNumber, revisionDate, outcome, motivation) VALUES ('KB969OW', '2022-12-08', 'positive', NULL);
INSERT INTO Vehicle VALUES ('2388293', 'Sedan', 'Ford', '2023-04-15');
INSERT INTO Vehicle VALUES ('6755994', 'Sports Car', 'Tesla', '2023-05-04');
INSERT INTO ActivePlates VALUES ('FC200GU', '2023-06-02', '6755994');
INSERT INTO Plates VALUES ('FC200GU', '2023-06-02', '6755994', 1);
INSERT INTO Vehicle VALUES ('2481704', 'Sedan', 'Mercedes-Benz', '2022-07-16');
INSERT INTO InactivePlates VALUES ('LI969DJ', '2022-10-30', '2481704', '2023-08-15');
INSERT INTO Plates VALUES ('LI969DJ', '2022-10-30', '2481704', 0);
INSERT INTO Revisions (plateNumber, revisionDate, outcome, motivation) VALUES ('LI969DJ', '2023-03-07', 'negative', 'Documentazione errata presentata');
INSERT INTO InactivePlates VALUES ('JJ818UD', '2022-09-13', '2481704', '2022-10-26');
INSERT INTO Plates VALUES ('JJ818UD', '2022-09-13', '2481704', 0);
INSERT INTO Revisions (plateNumber, revisionDate, outcome, motivation) VALUES ('JJ818UD', '2022-10-11', 'negative', 'Registrazione fraudolenta');
INSERT INTO InactivePlates VALUES ('AU928NV', '2022-08-13', '2481704', '2022-09-11');
INSERT INTO Plates VALUES ('AU928NV', '2022-08-13', '2481704', 0);
INSERT INTO Revisions (plateNumber, revisionDate, outcome, motivation) VALUES ('AU928NV', '2022-09-05', 'positive', NULL);
INSERT INTO Vehicle VALUES ('0306829', 'Coupe', 'Toyota', '2022-10-17');
INSERT INTO InactivePlates VALUES ('LI146RP', '2022-12-16', '0306829', '2023-08-15');
INSERT INTO Plates VALUES ('LI146RP', '2022-12-16', '0306829', 0);
INSERT INTO Revisions (plateNumber, revisionDate, outcome, motivation) VALUES ('LI146RP', '2023-03-24', 'positive', NULL);
INSERT INTO InactivePlates VALUES ('UB868LI', '2022-11-09', '0306829', '2022-12-04');
INSERT INTO Plates VALUES ('UB868LI', '2022-11-09', '0306829', 0);
INSERT INTO Revisions (plateNumber, revisionDate, outcome, motivation) VALUES ('UB868LI', '2022-11-19', 'positive', NULL);
INSERT INTO Vehicle VALUES ('9556981', 'Sedan', 'Porsche', '2023-04-30');
INSERT INTO Vehicle VALUES ('8490355', 'Hatchback', 'Honda', '2023-02-23');
INSERT INTO Vehicle VALUES ('7086992', 'Truck', 'Jeep', '2022-12-01');
INSERT INTO Vehicle VALUES ('9981810', 'SUV', 'Nissan', '2023-05-15');
INSERT INTO Vehicle VALUES ('5080485', 'Hatchback', 'Subaru', '2023-04-26');
INSERT INTO InactivePlates VALUES ('YC710HU', '2023-07-27', '5080485', '2024-05-04');
INSERT INTO Plates VALUES ('YC710HU', '2023-07-27', '5080485', 0);
INSERT INTO Revisions (plateNumber, revisionDate, outcome, motivation) VALUES ('YC710HU', '2024-02-07', 'negative', 'Proprietario precedente non ha rivelato problemi');
INSERT INTO InactivePlates VALUES ('IF011MQ', '2023-06-27', '5080485', '2023-07-20');
INSERT INTO Plates VALUES ('IF011MQ', '2023-06-27', '5080485', 0);
INSERT INTO Revisions (plateNumber, revisionDate, outcome, motivation) VALUES ('IF011MQ', '2023-07-20', 'negative', 'Targa persa o rubata');
INSERT INTO InactivePlates VALUES ('TQ840GQ', '2023-05-18', '5080485', '2023-05-31');
INSERT INTO Plates VALUES ('TQ840GQ', '2023-05-18', '5080485', 0);
INSERT INTO Revisions (plateNumber, revisionDate, outcome, motivation) VALUES ('TQ840GQ', '2023-05-19', 'negative', 'Modifiche improprie apportate al veicolo');
INSERT INTO Vehicle VALUES ('6819656', 'Convertible', 'Lexus', '2022-12-25');
INSERT INTO Vehicle VALUES ('2407766', 'Sports Car', 'Ferrari', '2022-09-01');
INSERT INTO Vehicle VALUES ('6545037', 'SUV', 'Chevrolet', '2022-12-30');
INSERT INTO ActivePlates VALUES ('EQ795GD', '2023-03-07', '6545037');
INSERT INTO Plates VALUES ('EQ795GD', '2023-03-07', '6545037', 1);
INSERT INTO Revisions (plateNumber, revisionDate, outcome, motivation) VALUES ('EQ795GD', '2024-03-14', 'negative', 'Mancato pagamento di multe o tasse');
INSERT INTO InactivePlates VALUES ('HI477MF', '2023-01-27', '6545037', '2023-02-25');
INSERT INTO Plates VALUES ('HI477MF', '2023-01-27', '6545037', 0);
INSERT INTO Revisions (plateNumber, revisionDate, outcome, motivation) VALUES ('HI477MF', '2023-02-10', 'negative', 'Modifiche illegali apportate al veicolo');
INSERT INTO Vehicle VALUES ('0122629', 'Minivan', 'Chevrolet', '2022-12-23');
INSERT INTO ActivePlates VALUES ('VT361OF', '2023-01-08', '0122629');
INSERT INTO Plates VALUES ('VT361OF', '2023-01-08', '0122629', 1);
INSERT INTO Vehicle VALUES ('9184737', 'Hatchback', 'Mazda', '2023-01-14');
INSERT INTO Vehicle VALUES ('2608898', 'Coupe', 'Tesla', '2022-07-11');
INSERT INTO Vehicle VALUES ('6724802', 'Truck', 'Toyota', '2023-03-10');
INSERT INTO InactivePlates VALUES ('YO099UE', '2023-06-10', '6724802', '2024-03-27');
INSERT INTO Plates VALUES ('YO099UE', '2023-06-10', '6724802', 0);
INSERT INTO Revisions (plateNumber, revisionDate, outcome, motivation) VALUES ('YO099UE', '2023-09-04', 'negative', 'Falsificazione o contraffazione di documenti');
INSERT INTO InactivePlates VALUES ('FP337PY', '2023-04-30', '6724802', '2023-06-03');
INSERT INTO Plates VALUES ('FP337PY', '2023-04-30', '6724802', 0);
INSERT INTO Revisions (plateNumber, revisionDate, outcome, motivation) VALUES ('FP337PY', '2023-05-12', 'positive', NULL);
INSERT INTO InactivePlates VALUES ('GK304PP', '2023-03-25', '6724802', '2023-04-04');
INSERT INTO Plates VALUES ('GK304PP', '2023-03-25', '6724802', 0);
INSERT INTO Revisions (plateNumber, revisionDate, outcome, motivation) VALUES ('GK304PP', '2023-03-27', 'positive', NULL);
INSERT INTO Vehicle VALUES ('5737188', 'Truck', 'Toyota', '2023-04-12');
INSERT INTO ActivePlates VALUES ('MP323PO', '2023-05-07', '5737188');
INSERT INTO Plates VALUES ('MP323PO', '2023-05-07', '5737188', 1);
INSERT INTO Vehicle VALUES ('9458267', 'Coupe', 'Nissan', '2022-06-12');
INSERT INTO ActivePlates VALUES ('GI505UG', '2022-09-01', '9458267');
INSERT INTO Plates VALUES ('GI505UG', '2022-09-01', '9458267', 1);
INSERT INTO InactivePlates VALUES ('WZ019EJ', '2022-07-29', '9458267', '2022-08-19');
INSERT INTO Plates VALUES ('WZ019EJ', '2022-07-29', '9458267', 0);
INSERT INTO Revisions (plateNumber, revisionDate, outcome, motivation) VALUES ('WZ019EJ', '2022-08-12', 'positive', NULL);
INSERT INTO Revisions (plateNumber, revisionDate, outcome, motivation) VALUES ('WZ019EJ', '2022-08-10', 'positive', NULL);
INSERT INTO InactivePlates VALUES ('DX937YY', '2022-06-26', '9458267', '2022-07-18');
INSERT INTO Plates VALUES ('DX937YY', '2022-06-26', '9458267', 0);
INSERT INTO Revisions (plateNumber, revisionDate, outcome, motivation) VALUES ('DX937YY', '2022-07-15', 'negative', 'Mancato pagamento di multe o tasse');
INSERT INTO Vehicle VALUES ('6659371', 'Truck', 'BMW', '2022-12-24');
INSERT INTO InactivePlates VALUES ('RP491AJ', '2023-03-01', '6659371', '2023-09-15');
INSERT INTO Plates VALUES ('RP491AJ', '2023-03-01', '6659371', 0);
INSERT INTO Revisions (plateNumber, revisionDate, outcome, motivation) VALUES ('RP491AJ', '2023-07-03', 'negative', 'Violazione delle leggi sul traffico');
INSERT INTO InactivePlates VALUES ('VZ310JE', '2023-01-13', '6659371', '2023-02-18');
INSERT INTO Plates VALUES ('VZ310JE', '2023-01-13', '6659371', 0);
INSERT INTO Revisions (plateNumber, revisionDate, outcome, motivation) VALUES ('VZ310JE', '2023-02-04', 'positive', NULL);
INSERT INTO Vehicle VALUES ('1627435', 'Sedan', 'Ford', '2022-06-28');
INSERT INTO ActivePlates VALUES ('TV515JU', '2022-09-04', '1627435');
INSERT INTO Plates VALUES ('TV515JU', '2022-09-04', '1627435', 1);
INSERT INTO Revisions (plateNumber, revisionDate, outcome, motivation) VALUES ('TV515JU', '2024-01-16', 'negative', 'Falsificazione o contraffazione di documenti');
INSERT INTO Revisions (plateNumber, revisionDate, outcome, motivation) VALUES ('TV515JU', '2023-05-09', 'negative', 'Violazione delle leggi sul traffico');
INSERT INTO InactivePlates VALUES ('RH605WQ', '2022-07-28', '1627435', '2022-08-07');
INSERT INTO Plates VALUES ('RH605WQ', '2022-07-28', '1627435', 0);
INSERT INTO Revisions (plateNumber, revisionDate, outcome, motivation) VALUES ('RH605WQ', '2022-07-31', 'positive', NULL);
INSERT INTO Vehicle VALUES ('3667929', 'Crossover', 'Jaguar', '2022-09-05');
INSERT INTO InactivePlates VALUES ('WY636LM', '2022-12-26', '3667929', '2024-01-14');
INSERT INTO Plates VALUES ('WY636LM', '2022-12-26', '3667929', 0);
INSERT INTO Revisions (plateNumber, revisionDate, outcome, motivation) VALUES ('WY636LM', '2023-03-26', 'positive', NULL);
INSERT INTO InactivePlates VALUES ('KO540RW', '2022-11-21', '3667929', '2022-11-28');
INSERT INTO Plates VALUES ('KO540RW', '2022-11-21', '3667929', 0);
INSERT INTO Revisions (plateNumber, revisionDate, outcome, motivation) VALUES ('KO540RW', '2022-11-27', 'positive', NULL);
INSERT INTO InactivePlates VALUES ('RE528OT', '2022-10-04', '3667929', '2022-11-06');
INSERT INTO Plates VALUES ('RE528OT', '2022-10-04', '3667929', 0);
INSERT INTO Revisions (plateNumber, revisionDate, outcome, motivation) VALUES ('RE528OT', '2022-11-02', 'positive', NULL);
INSERT INTO Vehicle VALUES ('3736850', 'Hatchback', 'Kia', '2023-03-20');
INSERT INTO Vehicle VALUES ('2312186', 'Minivan', 'Kia', '2022-07-31');
INSERT INTO ActivePlates VALUES ('AW750FO', '2022-10-21', '2312186');
INSERT INTO Plates VALUES ('AW750FO', '2022-10-21', '2312186', 1);
INSERT INTO Revisions (plateNumber, revisionDate, outcome, motivation) VALUES ('AW750FO', '2023-03-16', 'positive', NULL);
INSERT INTO InactivePlates VALUES ('NQ605BM', '2022-09-21', '2312186', '2022-09-30');
INSERT INTO Plates VALUES ('NQ605BM', '2022-09-21', '2312186', 0);
INSERT INTO Revisions (plateNumber, revisionDate, outcome, motivation) VALUES ('NQ605BM', '2022-09-23', 'positive', NULL);
INSERT INTO InactivePlates VALUES ('SF612FF', '2022-08-14', '2312186', '2022-08-22');
INSERT INTO Plates VALUES ('SF612FF', '2022-08-14', '2312186', 0);
INSERT INTO Vehicle VALUES ('8557964', 'Sports Car', 'Audi', '2022-08-23');
INSERT INTO Vehicle VALUES ('1970941', 'Truck', 'BMW', '2022-08-25');
INSERT INTO InactivePlates VALUES ('AU498GK', '2022-12-06', '1970941', '2023-08-26');
INSERT INTO Plates VALUES ('AU498GK', '2022-12-06', '1970941', 0);
INSERT INTO Revisions (plateNumber, revisionDate, outcome, motivation) VALUES ('AU498GK', '2023-06-08', 'negative', 'Registrazione fraudolenta');
INSERT INTO InactivePlates VALUES ('GL797MV', '2022-10-31', '1970941', '2022-11-07');
INSERT INTO Plates VALUES ('GL797MV', '2022-10-31', '1970941', 0);
INSERT INTO Revisions (plateNumber, revisionDate, outcome, motivation) VALUES ('GL797MV', '2022-11-02', 'negative', 'Veicolo segnalato come rubato');
INSERT INTO InactivePlates VALUES ('XX726TU', '2022-09-14', '1970941', '2022-10-25');
INSERT INTO Plates VALUES ('XX726TU', '2022-09-14', '1970941', 0);
INSERT INTO Revisions (plateNumber, revisionDate, outcome, motivation) VALUES ('XX726TU', '2022-09-15', 'negative', 'Modifiche illegali apportate al veicolo');
INSERT INTO Vehicle VALUES ('9231246', 'Convertible', 'Volvo', '2023-02-20');
INSERT INTO InactivePlates VALUES ('XI124YA', '2023-03-10', '9231246', '2024-01-15');
INSERT INTO Plates VALUES ('XI124YA', '2023-03-10', '9231246', 0);
INSERT INTO Revisions (plateNumber, revisionDate, outcome, motivation) VALUES ('XI124YA', '2023-08-17', 'positive', NULL);
INSERT INTO Vehicle VALUES ('0938077', 'Coupe', 'Volkswagen', '2023-01-22');
INSERT INTO Vehicle VALUES ('4393522', 'Crossover', 'Jaguar', '2022-11-03');
INSERT INTO InactivePlates VALUES ('WB711YM', '2023-01-01', '4393522', '2024-01-09');
INSERT INTO Plates VALUES ('WB711YM', '2023-01-01', '4393522', 0);
INSERT INTO Revisions (plateNumber, revisionDate, outcome, motivation) VALUES ('WB711YM', '2024-01-07', 'positive', NULL);
INSERT INTO InactivePlates VALUES ('SQ632PE', '2022-11-25', '4393522', '2022-12-14');
INSERT INTO Plates VALUES ('SQ632PE', '2022-11-25', '4393522', 0);
INSERT INTO Revisions (plateNumber, revisionDate, outcome, motivation) VALUES ('SQ632PE', '2022-12-03', 'negative', 'Targa associata ad attività criminali');
INSERT INTO Vehicle VALUES ('9182712', 'Coupe', 'Nissan', '2022-06-01');
INSERT INTO Vehicle VALUES ('8703423', 'Sports Car', 'Jaguar', '2023-02-20');
INSERT INTO InactivePlates VALUES ('ZK065RH', '2023-04-09', '8703423', '2023-12-19');
INSERT INTO Plates VALUES ('ZK065RH', '2023-04-09', '8703423', 0);
INSERT INTO Revisions (plateNumber, revisionDate, outcome, motivation) VALUES ('ZK065RH', '2023-07-18', 'negative', 'Violazione delle leggi sul traffico');
INSERT INTO InactivePlates VALUES ('EG702LV', '2023-03-10', '8703423', '2023-03-21');
INSERT INTO Plates VALUES ('EG702LV', '2023-03-10', '8703423', 0);
INSERT INTO Revisions (plateNumber, revisionDate, outcome, motivation) VALUES ('EG702LV', '2023-03-19', 'positive', NULL);
INSERT INTO Vehicle VALUES ('8451600', 'Truck', 'Subaru', '2023-02-05');
INSERT INTO ActivePlates VALUES ('ZV855AF', '2023-04-05', '8451600');
INSERT INTO Plates VALUES ('ZV855AF', '2023-04-05', '8451600', 1);
INSERT INTO Revisions (plateNumber, revisionDate, outcome, motivation) VALUES ('ZV855AF', '2023-09-04', 'negative', 'Mancato pagamento di imposte');
INSERT INTO InactivePlates VALUES ('GB772EY', '2023-03-06', '8451600', '2023-03-25');
INSERT INTO Plates VALUES ('GB772EY', '2023-03-06', '8451600', 0);
INSERT INTO Vehicle VALUES ('7546981', 'SUV', 'Hyundai', '2023-01-19');
INSERT INTO ActivePlates VALUES ('EZ029HE', '2023-02-10', '7546981');
INSERT INTO Plates VALUES ('EZ029HE', '2023-02-10', '7546981', 1);
INSERT INTO Revisions (plateNumber, revisionDate, outcome, motivation) VALUES ('EZ029HE', '2023-11-19', 'positive', NULL);
INSERT INTO Revisions (plateNumber, revisionDate, outcome, motivation) VALUES ('EZ029HE', '2023-08-30', 'negative', 'Documentazione errata presentata');
INSERT INTO Vehicle VALUES ('3033761', 'Minivan', 'Kia', '2022-10-10');
INSERT INTO ActivePlates VALUES ('JU090RU', '2022-12-19', '3033761');
INSERT INTO Plates VALUES ('JU090RU', '2022-12-19', '3033761', 1);
INSERT INTO Revisions (plateNumber, revisionDate, outcome, motivation) VALUES ('JU090RU', '2022-12-24', 'negative', 'Mancato pagamento di multe o tasse');
INSERT INTO InactivePlates VALUES ('AI869UU', '2022-11-01', '3033761', '2022-12-18');
INSERT INTO Plates VALUES ('AI869UU', '2022-11-01', '3033761', 0);
INSERT INTO Revisions (plateNumber, revisionDate, outcome, motivation) VALUES ('AI869UU', '2022-11-21', 'positive', NULL);
INSERT INTO Revisions (plateNumber, revisionDate, outcome, motivation) VALUES ('AI869UU', '2022-12-11', 'positive', NULL);
INSERT INTO Vehicle VALUES ('9803572', 'Sedan', 'Nissan', '2022-10-27');
INSERT INTO ActivePlates VALUES ('LI159JZ', '2022-12-29', '9803572');
INSERT INTO Plates VALUES ('LI159JZ', '2022-12-29', '9803572', 1);
INSERT INTO Revisions (plateNumber, revisionDate, outcome, motivation) VALUES ('LI159JZ', '2024-01-31', 'positive', NULL);
INSERT INTO InactivePlates VALUES ('FB545AI', '2022-11-21', '9803572', '2022-12-13');
INSERT INTO Plates VALUES ('FB545AI', '2022-11-21', '9803572', 0);
INSERT INTO Revisions (plateNumber, revisionDate, outcome, motivation) VALUES ('FB545AI', '2022-12-06', 'negative', 'Documentazione errata presentata');
INSERT INTO Vehicle VALUES ('9377064', 'Crossover', 'Mazda', '2023-03-30');
INSERT INTO InactivePlates VALUES ('OO514IM', '2023-05-30', '9377064', '2024-04-18');
INSERT INTO Plates VALUES ('OO514IM', '2023-05-30', '9377064', 0);
INSERT INTO Revisions (plateNumber, revisionDate, outcome, motivation) VALUES ('OO514IM', '2023-09-15', 'positive', NULL);
INSERT INTO InactivePlates VALUES ('UD857ST', '2023-04-17', '9377064', '2023-05-24');
INSERT INTO Plates VALUES ('UD857ST', '2023-04-17', '9377064', 0);
INSERT INTO Revisions (plateNumber, revisionDate, outcome, motivation) VALUES ('UD857ST', '2023-05-07', 'negative', 'Veicolo non superato il test delle emissioni');
INSERT INTO Vehicle VALUES ('9007156', 'Hatchback', 'Mercedes-Benz', '2022-10-16');
INSERT INTO Vehicle VALUES ('2510413', 'Hatchback', 'Jeep', '2022-08-04');
INSERT INTO InactivePlates VALUES ('YJ541BV', '2022-10-15', '2510413', '2023-10-18');
INSERT INTO Plates VALUES ('YJ541BV', '2022-10-15', '2510413', 0);
INSERT INTO Revisions (plateNumber, revisionDate, outcome, motivation) VALUES ('YJ541BV', '2023-09-20', 'positive', NULL);
INSERT INTO InactivePlates VALUES ('TV450NC', '2022-08-27', '2510413', '2022-09-20');
INSERT INTO Plates VALUES ('TV450NC', '2022-08-27', '2510413', 0);
INSERT INTO Revisions (plateNumber, revisionDate, outcome, motivation) VALUES ('TV450NC', '2022-09-14', 'negative', "Veicolo considerato non sicuro per l'uso su strada");
INSERT INTO Vehicle VALUES ('1490518', 'Convertible', 'Ferrari', '2023-04-30');
INSERT INTO Vehicle VALUES ('8899831', 'Sports Car', 'BMW', '2023-01-09');
INSERT INTO ActivePlates VALUES ('TR271IU', '2023-04-13', '8899831');
INSERT INTO Plates VALUES ('TR271IU', '2023-04-13', '8899831', 1);
INSERT INTO Revisions (plateNumber, revisionDate, outcome, motivation) VALUES ('TR271IU', '2023-08-05', 'positive', NULL);
INSERT INTO InactivePlates VALUES ('KC053UA', '2023-03-10', '8899831', '2023-03-29');
INSERT INTO Plates VALUES ('KC053UA', '2023-03-10', '8899831', 0);
INSERT INTO InactivePlates VALUES ('GJ999EN', '2023-01-24', '8899831', '2023-03-08');
INSERT INTO Plates VALUES ('GJ999EN', '2023-01-24', '8899831', 0);
INSERT INTO Revisions (plateNumber, revisionDate, outcome, motivation) VALUES ('GJ999EN', '2023-02-27', 'positive', NULL);
INSERT INTO Vehicle VALUES ('2321859', 'Crossover', 'Kia', '2022-09-03');
INSERT INTO ActivePlates VALUES ('PY356II', '2022-12-04', '2321859');
INSERT INTO Plates VALUES ('PY356II', '2022-12-04', '2321859', 1);
INSERT INTO Revisions (plateNumber, revisionDate, outcome, motivation) VALUES ('PY356II', '2023-05-03', 'positive', NULL);
INSERT INTO InactivePlates VALUES ('XM281QW', '2022-10-25', '2321859', '2022-11-13');
INSERT INTO Plates VALUES ('XM281QW', '2022-10-25', '2321859', 0);
INSERT INTO Revisions (plateNumber, revisionDate, outcome, motivation) VALUES ('XM281QW', '2022-11-11', 'positive', NULL);
INSERT INTO InactivePlates VALUES ('FX855WN', '2022-09-13', '2321859', '2022-09-23');
INSERT INTO Plates VALUES ('FX855WN', '2022-09-13', '2321859', 0);
INSERT INTO Vehicle VALUES ('2503771', 'Convertible', 'BMW', '2022-07-28');
INSERT INTO Vehicle VALUES ('7391324', 'Hatchback', 'Mazda', '2022-11-20');
INSERT INTO ActivePlates VALUES ('XY356FP', '2022-12-18', '7391324');
INSERT INTO Plates VALUES ('XY356FP', '2022-12-18', '7391324', 1);
INSERT INTO Vehicle VALUES ('5660806', 'Hatchback', 'Ferrari', '2022-12-12');
INSERT INTO ActivePlates VALUES ('QT434PD', '2023-04-01', '5660806');
INSERT INTO Plates VALUES ('QT434PD', '2023-04-01', '5660806', 1);
INSERT INTO Revisions (plateNumber, revisionDate, outcome, motivation) VALUES ('QT434PD', '2023-04-17', 'positive', NULL);
INSERT INTO Revisions (plateNumber, revisionDate, outcome, motivation) VALUES ('QT434PD', '2023-11-23', 'positive', NULL);
INSERT INTO InactivePlates VALUES ('FE065KD', '2023-02-13', '5660806', '2023-02-27');
INSERT INTO Plates VALUES ('FE065KD', '2023-02-13', '5660806', 0);
INSERT INTO InactivePlates VALUES ('JE898VV', '2022-12-30', '5660806', '2023-01-04');
INSERT INTO Plates VALUES ('JE898VV', '2022-12-30', '5660806', 0);
INSERT INTO Vehicle VALUES ('6419868', 'Sports Car', 'Honda', '2022-10-12');
INSERT INTO ActivePlates VALUES ('TW412UA', '2022-10-22', '6419868');
INSERT INTO Plates VALUES ('TW412UA', '2022-10-22', '6419868', 1);
INSERT INTO Revisions (plateNumber, revisionDate, outcome, motivation) VALUES ('TW412UA', '2024-03-18', 'positive', NULL);
INSERT INTO Vehicle VALUES ('5376448', 'Sports Car', 'Jeep', '2022-12-16');
INSERT INTO ActivePlates VALUES ('LV193DM', '2023-04-03', '5376448');
INSERT INTO Plates VALUES ('LV193DM', '2023-04-03', '5376448', 1);
INSERT INTO Revisions (plateNumber, revisionDate, outcome, motivation) VALUES ('LV193DM', '2023-11-22', 'negative', 'Registrazione scaduta');
INSERT INTO InactivePlates VALUES ('RN054ZA', '2023-02-16', '5376448', '2023-02-28');
INSERT INTO Plates VALUES ('RN054ZA', '2023-02-16', '5376448', 0);
INSERT INTO Revisions (plateNumber, revisionDate, outcome, motivation) VALUES ('RN054ZA', '2023-02-27', 'positive', NULL);
INSERT INTO InactivePlates VALUES ('ET100XB', '2022-12-31', '5376448', '2023-01-24');
INSERT INTO Plates VALUES ('ET100XB', '2022-12-31', '5376448', 0);
INSERT INTO Vehicle VALUES ('5343212', 'Sports Car', 'Mercedes-Benz', '2023-04-25');
INSERT INTO ActivePlates VALUES ('CN695WP', '2023-07-09', '5343212');
INSERT INTO Plates VALUES ('CN695WP', '2023-07-09', '5343212', 1);
INSERT INTO Revisions (plateNumber, revisionDate, outcome, motivation) VALUES ('CN695WP', '2024-01-09', 'positive', NULL);
INSERT INTO InactivePlates VALUES ('XB761HF', '2023-05-21', '5343212', '2023-06-09');
INSERT INTO Plates VALUES ('XB761HF', '2023-05-21', '5343212', 0);
INSERT INTO Revisions (plateNumber, revisionDate, outcome, motivation) VALUES ('XB761HF', '2023-05-26', 'negative', "Scoperte problematiche di sicurezza durante l'ispezione");
INSERT INTO Revisions (plateNumber, revisionDate, outcome, motivation) VALUES ('XB761HF', '2023-05-26', 'negative', 'Targa persa o rubata');
INSERT INTO Vehicle VALUES ('6134172', 'Minivan', 'Volkswagen', '2023-03-14');
INSERT INTO ActivePlates VALUES ('MV804YM', '2023-03-30', '6134172');
INSERT INTO Plates VALUES ('MV804YM', '2023-03-30', '6134172', 1);
INSERT INTO Revisions (plateNumber, revisionDate, outcome, motivation) VALUES ('MV804YM', '2023-06-10', 'positive', NULL);
INSERT INTO Vehicle VALUES ('1671933', 'Sedan', 'Mercedes-Benz', '2022-12-13');
INSERT INTO ActivePlates VALUES ('ZV051BE', '2022-12-28', '1671933');
INSERT INTO Plates VALUES ('ZV051BE', '2022-12-28', '1671933', 1);
INSERT INTO Vehicle VALUES ('0209442', 'Convertible', 'Jaguar', '2023-03-17');
INSERT INTO Vehicle VALUES ('8482806', 'Sports Car', 'Porsche', '2022-10-12');
INSERT INTO ActivePlates VALUES ('HK119FC', '2023-02-06', '8482806');
INSERT INTO Plates VALUES ('HK119FC', '2023-02-06', '8482806', 1);
INSERT INTO Revisions (plateNumber, revisionDate, outcome, motivation) VALUES ('HK119FC', '2024-02-16', 'positive', NULL);
INSERT INTO Revisions (plateNumber, revisionDate, outcome, motivation) VALUES ('HK119FC', '2023-03-15', 'positive', NULL);
INSERT INTO InactivePlates VALUES ('XR287LJ', '2022-12-21', '8482806', '2023-02-03');
INSERT INTO Plates VALUES ('XR287LJ', '2022-12-21', '8482806', 0);
INSERT INTO InactivePlates VALUES ('AW146KS', '2022-11-09', '8482806', '2022-11-28');
INSERT INTO Plates VALUES ('AW146KS', '2022-11-09', '8482806', 0);
INSERT INTO Revisions (plateNumber, revisionDate, outcome, motivation) VALUES ('AW146KS', '2022-11-26', 'positive', NULL);
INSERT INTO Vehicle VALUES ('5763318', 'Minivan', 'Ferrari', '2022-07-19');
INSERT INTO InactivePlates VALUES ('EA003TE', '2022-10-04', '5763318', '2023-12-14');
INSERT INTO Plates VALUES ('EA003TE', '2022-10-04', '5763318', 0);
INSERT INTO Revisions (plateNumber, revisionDate, outcome, motivation) VALUES ('EA003TE', '2023-04-28', 'negative', 'Violazione delle normative ambientali');
INSERT INTO InactivePlates VALUES ('DC287DQ', '2022-08-16', '5763318', '2022-09-16');
INSERT INTO Plates VALUES ('DC287DQ', '2022-08-16', '5763318', 0);
INSERT INTO Revisions (plateNumber, revisionDate, outcome, motivation) VALUES ('DC287DQ', '2022-09-14', 'positive', NULL);
INSERT INTO Vehicle VALUES ('8448289', 'Coupe', 'Volkswagen', '2022-11-02');
INSERT INTO InactivePlates VALUES ('NX775UX', '2022-11-17', '8448289', '2023-06-24');
INSERT INTO Plates VALUES ('NX775UX', '2022-11-17', '8448289', 0);
INSERT INTO Revisions (plateNumber, revisionDate, outcome, motivation) VALUES ('NX775UX', '2023-01-26', 'positive', NULL);
INSERT INTO Vehicle VALUES ('1190392', 'Minivan', 'Kia', '2023-04-04');
INSERT INTO InactivePlates VALUES ('MU344IN', '2023-07-09', '1190392', '2024-04-26');
INSERT INTO Plates VALUES ('MU344IN', '2023-07-09', '1190392', 0);
INSERT INTO Revisions (plateNumber, revisionDate, outcome, motivation) VALUES ('MU344IN', '2023-10-18', 'negative', 'Registrazione fraudolenta');
INSERT INTO InactivePlates VALUES ('IO585CZ', '2023-05-29', '1190392', '2023-06-03');
INSERT INTO Plates VALUES ('IO585CZ', '2023-05-29', '1190392', 0);
INSERT INTO Revisions (plateNumber, revisionDate, outcome, motivation) VALUES ('IO585CZ', '2023-05-31', 'negative', 'Modifiche improprie apportate al veicolo');
INSERT INTO InactivePlates VALUES ('YJ689PC', '2023-04-23', '1190392', '2023-05-01');
INSERT INTO Plates VALUES ('YJ689PC', '2023-04-23', '1190392', 0);
INSERT INTO Revisions (plateNumber, revisionDate, outcome, motivation) VALUES ('YJ689PC', '2023-04-29', 'negative', 'Registrazione scaduta');
INSERT INTO Vehicle VALUES ('4978742', 'SUV', 'Honda', '2022-09-22');
INSERT INTO InactivePlates VALUES ('JC343TP', '2022-10-16', '4978742', '2023-11-20');
INSERT INTO Plates VALUES ('JC343TP', '2022-10-16', '4978742', 0);
INSERT INTO Revisions (plateNumber, revisionDate, outcome, motivation) VALUES ('JC343TP', '2023-05-01', 'negative', 'Targa associata ad attività criminali');
INSERT INTO Vehicle VALUES ('1210097', 'Sedan', 'Ford', '2022-10-22');
INSERT INTO ActivePlates VALUES ('UJ693HO', '2022-12-27', '1210097');
INSERT INTO Plates VALUES ('UJ693HO', '2022-12-27', '1210097', 1);
INSERT INTO Revisions (plateNumber, revisionDate, outcome, motivation) VALUES ('UJ693HO', '2023-06-08', 'positive', NULL);
INSERT INTO InactivePlates VALUES ('BL258ZE', '2022-11-21', '1210097', '2022-12-19');
INSERT INTO Plates VALUES ('BL258ZE', '2022-11-21', '1210097', 0);
INSERT INTO Revisions (plateNumber, revisionDate, outcome, motivation) VALUES ('BL258ZE', '2022-12-17', 'positive', NULL);
INSERT INTO Vehicle VALUES ('7080842', 'Hatchback', 'Lexus', '2022-10-04');
INSERT INTO Vehicle VALUES ('6207604', 'Coupe', 'Hyundai', '2022-12-05');
INSERT INTO ActivePlates VALUES ('OV859AA', '2023-03-09', '6207604');
INSERT INTO Plates VALUES ('OV859AA', '2023-03-09', '6207604', 1);
INSERT INTO Revisions (plateNumber, revisionDate, outcome, motivation) VALUES ('OV859AA', '2023-09-16', 'positive', NULL);
INSERT INTO Revisions (plateNumber, revisionDate, outcome, motivation) VALUES ('OV859AA', '2024-02-03', 'negative', 'Falsificazione o contraffazione di documenti');
INSERT INTO InactivePlates VALUES ('NL420AK', '2023-01-24', '6207604', '2023-02-14');
INSERT INTO Plates VALUES ('NL420AK', '2023-01-24', '6207604', 0);
INSERT INTO Revisions (plateNumber, revisionDate, outcome, motivation) VALUES ('NL420AK', '2023-02-12', 'negative', 'Targa associata ad attività criminali');
INSERT INTO InactivePlates VALUES ('KG691RO', '2022-12-25', '6207604', '2023-01-15');
INSERT INTO Plates VALUES ('KG691RO', '2022-12-25', '6207604', 0);
INSERT INTO Revisions (plateNumber, revisionDate, outcome, motivation) VALUES ('KG691RO', '2023-01-04', 'positive', NULL);
INSERT INTO Revisions (plateNumber, revisionDate, outcome, motivation) VALUES ('KG691RO', '2023-01-02', 'positive', NULL);
INSERT INTO Revisions (plateNumber, revisionDate, outcome, motivation) VALUES ('KG691RO', '2023-01-06', 'negative', 'Violazione delle leggi sul traffico');
INSERT INTO Vehicle VALUES ('1213427', 'Crossover', 'Mazda', '2023-03-03');
INSERT INTO ActivePlates VALUES ('MP452DP', '2023-06-18', '1213427');
INSERT INTO Plates VALUES ('MP452DP', '2023-06-18', '1213427', 1);
INSERT INTO Revisions (plateNumber, revisionDate, outcome, motivation) VALUES ('MP452DP', '2023-08-29', 'positive', NULL);
INSERT INTO InactivePlates VALUES ('HC263YL', '2023-05-06', '1213427', '2023-06-03');
INSERT INTO Plates VALUES ('HC263YL', '2023-05-06', '1213427', 0);
INSERT INTO Revisions (plateNumber, revisionDate, outcome, motivation) VALUES ('HC263YL', '2023-05-16', 'positive', NULL);
INSERT INTO InactivePlates VALUES ('HQ783WB', '2023-03-20', '1213427', '2023-05-05');
INSERT INTO Plates VALUES ('HQ783WB', '2023-03-20', '1213427', 0);
INSERT INTO Revisions (plateNumber, revisionDate, outcome, motivation) VALUES ('HQ783WB', '2023-03-26', 'positive', NULL);
INSERT INTO Revisions (plateNumber, revisionDate, outcome, motivation) VALUES ('HQ783WB', '2023-04-09', 'negative', "Scoperte problematiche di sicurezza durante l'ispezione");
INSERT INTO Vehicle VALUES ('4259614', 'Hatchback', 'Porsche', '2022-12-23');
INSERT INTO InactivePlates VALUES ('PE540XF', '2023-03-20', '4259614', '2023-03-28');
INSERT INTO Plates VALUES ('PE540XF', '2023-03-20', '4259614', 0);
INSERT INTO Revisions (plateNumber, revisionDate, outcome, motivation) VALUES ('PE540XF', '2023-03-26', 'negative', 'Documentazione errata presentata');
INSERT INTO InactivePlates VALUES ('OC481MG', '2023-02-16', '4259614', '2023-02-23');
INSERT INTO Plates VALUES ('OC481MG', '2023-02-16', '4259614', 0);
INSERT INTO Revisions (plateNumber, revisionDate, outcome, motivation) VALUES ('OC481MG', '2023-02-19', 'negative', 'Registrazione scaduta');
INSERT INTO InactivePlates VALUES ('IH185DY', '2023-01-08', '4259614', '2023-01-30');
INSERT INTO Plates VALUES ('IH185DY', '2023-01-08', '4259614', 0);
INSERT INTO Revisions (plateNumber, revisionDate, outcome, motivation) VALUES ('IH185DY', '2023-01-28', 'positive', NULL);
INSERT INTO Vehicle VALUES ('5022867', 'Coupe', 'Porsche', '2022-07-29');
INSERT INTO ActivePlates VALUES ('MJ139AQ', '2022-08-08', '5022867');
INSERT INTO Plates VALUES ('MJ139AQ', '2022-08-08', '5022867', 1);
INSERT INTO Vehicle VALUES ('6693333', 'Coupe', 'Jeep', '2023-05-14');
INSERT INTO ActivePlates VALUES ('OS311PY', '2023-07-22', '6693333');
INSERT INTO Plates VALUES ('OS311PY', '2023-07-22', '6693333', 1);
INSERT INTO Revisions (plateNumber, revisionDate, outcome, motivation) VALUES ('OS311PY', '2024-01-05', 'positive', NULL);
INSERT INTO InactivePlates VALUES ('UQ829BR', '2023-06-10', '6693333', '2023-06-22');
INSERT INTO Plates VALUES ('UQ829BR', '2023-06-10', '6693333', 0);
INSERT INTO Revisions (plateNumber, revisionDate, outcome, motivation) VALUES ('UQ829BR', '2023-06-14', 'negative', 'Mancato pagamento di imposte');
INSERT INTO Vehicle VALUES ('0173280', 'Hatchback', 'Lexus', '2022-08-27');
INSERT INTO ActivePlates VALUES ('IN915AT', '2022-11-01', '0173280');
INSERT INTO Plates VALUES ('IN915AT', '2022-11-01', '0173280', 1);
INSERT INTO InactivePlates VALUES ('RC102GH', '2022-09-23', '0173280', '2022-10-22');
INSERT INTO Plates VALUES ('RC102GH', '2022-09-23', '0173280', 0);
INSERT INTO Revisions (plateNumber, revisionDate, outcome, motivation) VALUES ('RC102GH', '2022-09-28', 'positive', NULL);
INSERT INTO Revisions (plateNumber, revisionDate, outcome, motivation) VALUES ('RC102GH', '2022-10-06', 'positive', NULL);
INSERT INTO Vehicle VALUES ('4947667', 'Coupe', 'Audi', '2023-04-30');
INSERT INTO InactivePlates VALUES ('HK918VN', '2023-07-21', '4947667', '2024-02-09');
INSERT INTO Plates VALUES ('HK918VN', '2023-07-21', '4947667', 0);
INSERT INTO Revisions (plateNumber, revisionDate, outcome, motivation) VALUES ('HK918VN', '2023-10-03', 'positive', NULL);
INSERT INTO InactivePlates VALUES ('UD743SR', '2023-06-19', '4947667', '2023-06-30');
INSERT INTO Plates VALUES ('UD743SR', '2023-06-19', '4947667', 0);
INSERT INTO Revisions (plateNumber, revisionDate, outcome, motivation) VALUES ('UD743SR', '2023-06-20', 'negative', 'Targa associata ad attività criminali');
INSERT INTO InactivePlates VALUES ('LR746SZ', '2023-05-20', '4947667', '2023-06-03');
INSERT INTO Plates VALUES ('LR746SZ', '2023-05-20', '4947667', 0);
INSERT INTO Revisions (plateNumber, revisionDate, outcome, motivation) VALUES ('LR746SZ', '2023-05-21', 'negative', 'Veicolo non superato il test delle emissioni');
INSERT INTO Vehicle VALUES ('3780014', 'Crossover', 'Chevrolet', '2022-12-16');
INSERT INTO InactivePlates VALUES ('OS308ZK', '2023-02-15', '3780014', '2023-05-27');
INSERT INTO Plates VALUES ('OS308ZK', '2023-02-15', '3780014', 0);
INSERT INTO Revisions (plateNumber, revisionDate, outcome, motivation) VALUES ('OS308ZK', '2023-02-28', 'negative', 'Modifiche improprie apportate al veicolo');
INSERT INTO InactivePlates VALUES ('MD146GY', '2022-12-30', '3780014', '2023-01-08');
INSERT INTO Plates VALUES ('MD146GY', '2022-12-30', '3780014', 0);
INSERT INTO Revisions (plateNumber, revisionDate, outcome, motivation) VALUES ('MD146GY', '2023-01-07', 'negative', 'Violazione delle normative ambientali');
INSERT INTO Vehicle VALUES ('2062358', 'Coupe', 'Nissan', '2023-04-02');
INSERT INTO ActivePlates VALUES ('VV362OI', '2023-04-19', '2062358');
INSERT INTO Plates VALUES ('VV362OI', '2023-04-19', '2062358', 1);
INSERT INTO Revisions (plateNumber, revisionDate, outcome, motivation) VALUES ('VV362OI', '2024-02-26', 'positive', NULL);
INSERT INTO Vehicle VALUES ('2647200', 'Coupe', 'Audi', '2023-05-21');
INSERT INTO ActivePlates VALUES ('ZM206HA', '2023-06-03', '2647200');
INSERT INTO Plates VALUES ('ZM206HA', '2023-06-03', '2647200', 1);
INSERT INTO Revisions (plateNumber, revisionDate, outcome, motivation) VALUES ('ZM206HA', '2024-01-17', 'positive', NULL);
INSERT INTO Revisions (plateNumber, revisionDate, outcome, motivation) VALUES ('ZM206HA', '2024-03-18', 'negative', 'Veicolo coinvolto in incidente');
INSERT INTO Vehicle VALUES ('8011565', 'Sports Car', 'Hyundai', '2022-12-11');
INSERT INTO InactivePlates VALUES ('QP661NJ', '2023-02-12', '8011565', '2023-03-03');
INSERT INTO Plates VALUES ('QP661NJ', '2023-02-12', '8011565', 0);
INSERT INTO Revisions (plateNumber, revisionDate, outcome, motivation) VALUES ('QP661NJ', '2023-02-23', 'negative', 'Violazione delle normative ambientali');
INSERT INTO InactivePlates VALUES ('GR414KB', '2023-01-09', '8011565', '2023-01-25');
INSERT INTO Plates VALUES ('GR414KB', '2023-01-09', '8011565', 0);
INSERT INTO Revisions (plateNumber, revisionDate, outcome, motivation) VALUES ('GR414KB', '2023-01-21', 'negative', 'Registrazione scaduta');
INSERT INTO Vehicle VALUES ('7106247', 'Coupe', 'Ford', '2023-01-06');
INSERT INTO ActivePlates VALUES ('BM148IH', '2023-03-09', '7106247');
INSERT INTO Plates VALUES ('BM148IH', '2023-03-09', '7106247', 1);
INSERT INTO Revisions (plateNumber, revisionDate, outcome, motivation) VALUES ('BM148IH', '2023-12-29', 'negative', 'Veicolo non superato il test delle emissioni');
INSERT INTO InactivePlates VALUES ('LQ381QG', '2023-02-04', '7106247', '2023-02-25');
INSERT INTO Plates VALUES ('LQ381QG', '2023-02-04', '7106247', 0);
