CREATE TABLE IF NOT EXISTS Vehicle (
                    number VARCHAR(7) PRIMARY KEY,
                    model VARCHAR(20),
                    brand VARCHAR(20),
                    prodDate DATE);
CREATE TABLE IF NOT EXISTS ActivePlates (
                    number VARCHAR(7) PRIMARY KEY,
                    emissionDate DATE,
                    vehicleNumber VARCHAR(7),
                    FOREIGN KEY(vehicleNumber) REFERENCES Vehicle(number));
CREATE TABLE IF NOT EXISTS InactivePlates (
                    number VARCHAR(7) PRIMARY KEY,
                    emissionDate DATE,
                    vehicleNumber VARCHAR(7),
                    resDate DATE,
                    FOREIGN KEY(vehicleNumber) REFERENCES Vehicle(number));
CREATE TABLE IF NOT EXISTS Plates (
                    number VARCHAR(7) PRIMARY KEY,
                    emissionDate DATE,
                    vehicleNumber VARCHAR(7),
                    active BOOLEAN,
                    FOREIGN KEY(vehicleNumber) REFERENCES Vehicle(number));
CREATE TABLE IF NOT EXISTS Revisions (
                    id INT AUTO_INCREMENT PRIMARY KEY,
                    plateNumber VARCHAR(7),
                    revisionDate DATE,
                    outcome VARCHAR(10),
                    motivation TEXT,
                    FOREIGN KEY(plateNumber) REFERENCES Plates(number));
INSERT INTO Vehicle VALUES ('4335938', 'Coupe', 'Ford', '2022-08-10');
INSERT INTO ActivePlates VALUES ('707A71X', '2022-10-07', '4335938');
INSERT INTO Plates VALUES ('707A71X', '2022-10-07', '4335938', 1);
INSERT INTO Revisions (plateNumber, revisionDate, outcome, motivation) VALUES ('707A71X', '2022-12-17', 'negative', 'Some reason for negative outcome');
INSERT INTO Revisions (plateNumber, revisionDate, outcome, motivation) VALUES ('707A71X', '2024-04-04', 'positive', NULL);
INSERT INTO Revisions (plateNumber, revisionDate, outcome, motivation) VALUES ('707A71X', '2023-06-17', 'positive', NULL);
INSERT INTO InactivePlates VALUES ('YWYZS60', '2022-08-27', '4335938', '2022-10-04');
INSERT INTO Plates VALUES ('YWYZS60', '2022-08-27', '4335938', 0);
INSERT INTO Vehicle VALUES ('1368307', 'Coupe', 'Ferrari', '2022-08-01');
INSERT INTO Vehicle VALUES ('2011743', 'Convertible', 'Mazda', '2022-08-20');
INSERT INTO Vehicle VALUES ('6204582', 'Coupe', 'Ford', '2023-04-07');
INSERT INTO ActivePlates VALUES ('C5K0C6K', '2023-07-20', '6204582');
INSERT INTO Plates VALUES ('C5K0C6K', '2023-07-20', '6204582', 1);
INSERT INTO Revisions (plateNumber, revisionDate, outcome, motivation) VALUES ('C5K0C6K', '2024-01-10', 'negative', 'Some reason for negative outcome');
INSERT INTO InactivePlates VALUES ('FOP5PQC', '2023-06-14', '6204582', '2023-07-15');
INSERT INTO Plates VALUES ('FOP5PQC', '2023-06-14', '6204582', 0);
INSERT INTO Revisions (plateNumber, revisionDate, outcome, motivation) VALUES ('FOP5PQC', '2023-06-27', 'positive', NULL);
INSERT INTO Revisions (plateNumber, revisionDate, outcome, motivation) VALUES ('FOP5PQC', '2023-06-20', 'positive', NULL);
INSERT INTO InactivePlates VALUES ('TEKMWM3', '2023-05-04', '6204582', '2023-06-04');
INSERT INTO Plates VALUES ('TEKMWM3', '2023-05-04', '6204582', 0);
INSERT INTO Vehicle VALUES ('8661056', 'Sports Car', 'Toyota', '2022-10-30');
INSERT INTO Vehicle VALUES ('1379378', 'Sports Car', 'Volkswagen', '2022-09-23');
INSERT INTO InactivePlates VALUES ('34ZBVP7', '2022-11-26', '1379378', '2023-07-08');
INSERT INTO Plates VALUES ('34ZBVP7', '2022-11-26', '1379378', 0);
INSERT INTO Revisions (plateNumber, revisionDate, outcome, motivation) VALUES ('34ZBVP7', '2023-01-20', 'positive', NULL);
INSERT INTO InactivePlates VALUES ('08AJJOG', '2022-10-14', '1379378', '2022-10-28');
INSERT INTO Plates VALUES ('08AJJOG', '2022-10-14', '1379378', 0);
INSERT INTO Revisions (plateNumber, revisionDate, outcome, motivation) VALUES ('08AJJOG', '2022-10-27', 'negative', 'Modifiche improprie apportate al veicolo');
INSERT INTO Vehicle VALUES ('0339299', 'Crossover', 'Jaguar', '2022-12-27');
INSERT INTO Vehicle VALUES ('4835539', 'Coupe', 'Tesla', '2022-07-12');
INSERT INTO ActivePlates VALUES ('K8F2YRP', '2022-09-12', '4835539');
INSERT INTO Plates VALUES ('K8F2YRP', '2022-09-12', '4835539', 1);
INSERT INTO InactivePlates VALUES ('WS9IZV0', '2022-08-06', '4835539', '2022-09-10');
INSERT INTO Plates VALUES ('WS9IZV0', '2022-08-06', '4835539', 0);
INSERT INTO Vehicle VALUES ('0642045', 'Hatchback', 'BMW', '2022-07-05');
INSERT INTO Vehicle VALUES ('4030277', 'Truck', 'Audi', '2022-06-12');
INSERT INTO ActivePlates VALUES ('H4F8C6H', '2022-08-24', '4030277');
INSERT INTO Plates VALUES ('H4F8C6H', '2022-08-24', '4030277', 1);
INSERT INTO InactivePlates VALUES ('74SI1F9', '2022-07-08', '4030277', '2022-08-19');
INSERT INTO Plates VALUES ('74SI1F9', '2022-07-08', '4030277', 0);
INSERT INTO Vehicle VALUES ('5559605', 'Minivan', 'Volvo', '2023-03-28');
INSERT INTO InactivePlates VALUES ('F33LWFZ', '2023-05-11', '5559605', '2024-01-07');
INSERT INTO Plates VALUES ('F33LWFZ', '2023-05-11', '5559605', 0);
INSERT INTO Revisions (plateNumber, revisionDate, outcome, motivation) VALUES ('F33LWFZ', '2023-10-16', 'positive', NULL);
INSERT INTO InactivePlates VALUES ('5ZAWIHQ', '2023-04-10', '5559605', '2023-04-30');
INSERT INTO Plates VALUES ('5ZAWIHQ', '2023-04-10', '5559605', 0);
INSERT INTO Revisions (plateNumber, revisionDate, outcome, motivation) VALUES ('5ZAWIHQ', '2023-04-24', 'negative', 'Mancato pagamento di imposte');
INSERT INTO Vehicle VALUES ('2888062', 'Sports Car', 'BMW', '2022-07-22');
INSERT INTO Vehicle VALUES ('8629398', 'Minivan', 'Hyundai', '2023-05-19');
INSERT INTO Vehicle VALUES ('9462566', 'Crossover', 'Hyundai', '2022-08-14');
INSERT INTO InactivePlates VALUES ('ZBJQPS0', '2022-10-09', '9462566', '2024-04-28');
INSERT INTO Plates VALUES ('ZBJQPS0', '2022-10-09', '9462566', 0);
INSERT INTO Revisions (plateNumber, revisionDate, outcome, motivation) VALUES ('ZBJQPS0', '2024-04-08', 'negative', 'Veicolo coinvolto in incidente');
INSERT INTO InactivePlates VALUES ('70C7V9E', '2022-08-29', '9462566', '2022-09-30');
INSERT INTO Plates VALUES ('70C7V9E', '2022-08-29', '9462566', 0);
INSERT INTO Revisions (plateNumber, revisionDate, outcome, motivation) VALUES ('70C7V9E', '2022-09-19', 'positive', NULL);
INSERT INTO Vehicle VALUES ('4018347', 'Crossover', 'Mazda', '2023-04-11');
INSERT INTO InactivePlates VALUES ('I8NHYTE', '2023-05-05', '4018347', '2024-05-09');
INSERT INTO Plates VALUES ('I8NHYTE', '2023-05-05', '4018347', 0);
INSERT INTO Revisions (plateNumber, revisionDate, outcome, motivation) VALUES ('I8NHYTE', '2023-11-20', 'positive', NULL);
INSERT INTO Vehicle VALUES ('2526115', 'Sedan', 'Mazda', '2023-03-15');
INSERT INTO ActivePlates VALUES ('YMG33IC', '2023-06-25', '2526115');
INSERT INTO Plates VALUES ('YMG33IC', '2023-06-25', '2526115', 1);
INSERT INTO InactivePlates VALUES ('23XY4Q3', '2023-05-10', '2526115', '2023-06-16');
INSERT INTO Plates VALUES ('23XY4Q3', '2023-05-10', '2526115', 0);
INSERT INTO InactivePlates VALUES ('1D1J6VP', '2023-04-09', '2526115', '2023-04-23');
INSERT INTO Plates VALUES ('1D1J6VP', '2023-04-09', '2526115', 0);
INSERT INTO Vehicle VALUES ('9394132', 'Coupe', 'Hyundai', '2022-12-06');
INSERT INTO ActivePlates VALUES ('FBHJUS1', '2023-01-31', '9394132');
INSERT INTO Plates VALUES ('FBHJUS1', '2023-01-31', '9394132', 1);
INSERT INTO Revisions (plateNumber, revisionDate, outcome, motivation) VALUES ('FBHJUS1', '2023-05-14', 'positive', NULL);
INSERT INTO InactivePlates VALUES ('P2PWE4C', '2022-12-29', '9394132', '2023-01-24');
INSERT INTO Plates VALUES ('P2PWE4C', '2022-12-29', '9394132', 0);
INSERT INTO Vehicle VALUES ('2859724', 'Coupe', 'BMW', '2022-06-08');
INSERT INTO ActivePlates VALUES ('E7XA8WJ', '2022-09-17', '2859724');
INSERT INTO Plates VALUES ('E7XA8WJ', '2022-09-17', '2859724', 1);
INSERT INTO Revisions (plateNumber, revisionDate, outcome, motivation) VALUES ('E7XA8WJ', '2022-10-23', 'positive', NULL);
INSERT INTO InactivePlates VALUES ('12VV2LQ', '2022-08-13', '2859724', '2022-09-13');
INSERT INTO Plates VALUES ('12VV2LQ', '2022-08-13', '2859724', 0);
INSERT INTO Revisions (plateNumber, revisionDate, outcome, motivation) VALUES ('12VV2LQ', '2022-08-30', 'positive', NULL);
INSERT INTO InactivePlates VALUES ('AF4OLUD', '2022-06-24', '2859724', '2022-07-20');
INSERT INTO Plates VALUES ('AF4OLUD', '2022-06-24', '2859724', 0);
INSERT INTO Vehicle VALUES ('4502663', 'SUV', 'Ford', '2022-06-21');
INSERT INTO Vehicle VALUES ('2008240', 'Hatchback', 'Ford', '2023-04-28');
INSERT INTO ActivePlates VALUES ('QFVXOSQ', '2023-05-10', '2008240');
INSERT INTO Plates VALUES ('QFVXOSQ', '2023-05-10', '2008240', 1);
INSERT INTO Vehicle VALUES ('1219889', 'Hatchback', 'Volvo', '2022-09-29');
INSERT INTO InactivePlates VALUES ('EJMEN1F', '2023-01-17', '1219889', '2023-09-30');
INSERT INTO Plates VALUES ('EJMEN1F', '2023-01-17', '1219889', 0);
INSERT INTO Revisions (plateNumber, revisionDate, outcome, motivation) VALUES ('EJMEN1F', '2023-07-25', 'positive', NULL);
INSERT INTO InactivePlates VALUES ('GF8F714', '2022-12-01', '1219889', '2022-12-23');
INSERT INTO Plates VALUES ('GF8F714', '2022-12-01', '1219889', 0);
INSERT INTO Revisions (plateNumber, revisionDate, outcome, motivation) VALUES ('GF8F714', '2022-12-17', 'negative', 'Targa persa o rubata');
INSERT INTO InactivePlates VALUES ('2HBIOCG', '2022-10-22', '1219889', '2022-11-01');
INSERT INTO Plates VALUES ('2HBIOCG', '2022-10-22', '1219889', 0);
INSERT INTO Revisions (plateNumber, revisionDate, outcome, motivation) VALUES ('2HBIOCG', '2022-10-24', 'negative', 'Violazione delle leggi sul traffico');
INSERT INTO Vehicle VALUES ('3966807', 'Truck', 'Lexus', '2023-04-18');
INSERT INTO Vehicle VALUES ('5296024', 'Truck', 'Tesla', '2023-05-18');
INSERT INTO Vehicle VALUES ('0737800', 'Coupe', 'Honda', '2022-12-09');
INSERT INTO ActivePlates VALUES ('O94EXA5', '2023-02-14', '0737800');
INSERT INTO Plates VALUES ('O94EXA5', '2023-02-14', '0737800', 1);
INSERT INTO Revisions (plateNumber, revisionDate, outcome, motivation) VALUES ('O94EXA5', '2024-02-06', 'negative', 'Some reason for negative outcome');
INSERT INTO InactivePlates VALUES ('03BFD5Y', '2023-01-02', '0737800', '2023-02-09');
INSERT INTO Plates VALUES ('03BFD5Y', '2023-01-02', '0737800', 0);
INSERT INTO Revisions (plateNumber, revisionDate, outcome, motivation) VALUES ('03BFD5Y', '2023-02-01', 'positive', NULL);
INSERT INTO Revisions (plateNumber, revisionDate, outcome, motivation) VALUES ('03BFD5Y', '2023-01-05', 'positive', NULL);
INSERT INTO Vehicle VALUES ('6260632', 'Sports Car', 'Mercedes-Benz', '2022-08-07');
INSERT INTO Vehicle VALUES ('1035595', 'Coupe', 'Hyundai', '2022-07-22');
INSERT INTO InactivePlates VALUES ('50M27UY', '2022-11-17', '1035595', '2023-03-28');
INSERT INTO Plates VALUES ('50M27UY', '2022-11-17', '1035595', 0);
INSERT INTO Revisions (plateNumber, revisionDate, outcome, motivation) VALUES ('50M27UY', '2023-01-11', 'negative', 'Modifiche illegali apportate al veicolo');
INSERT INTO InactivePlates VALUES ('L7TPKAH', '2022-10-04', '1035595', '2022-10-19');
INSERT INTO Plates VALUES ('L7TPKAH', '2022-10-04', '1035595', 0);
INSERT INTO Revisions (plateNumber, revisionDate, outcome, motivation) VALUES ('L7TPKAH', '2022-10-05', 'positive', NULL);
INSERT INTO InactivePlates VALUES ('BE385DN', '2022-08-18', '1035595', '2022-09-11');
INSERT INTO Plates VALUES ('BE385DN', '2022-08-18', '1035595', 0);
INSERT INTO Revisions (plateNumber, revisionDate, outcome, motivation) VALUES ('BE385DN', '2022-08-24', 'positive', NULL);
INSERT INTO Vehicle VALUES ('9221292', 'Crossover', 'Volvo', '2022-08-24');
INSERT INTO Vehicle VALUES ('6766471', 'Hatchback', 'Tesla', '2022-07-10');
INSERT INTO ActivePlates VALUES ('BZUD36D', '2022-10-16', '6766471');
INSERT INTO Plates VALUES ('BZUD36D', '2022-10-16', '6766471', 1);
INSERT INTO InactivePlates VALUES ('0JU47I3', '2022-09-13', '6766471', '2022-10-07');
INSERT INTO Plates VALUES ('0JU47I3', '2022-09-13', '6766471', 0);
INSERT INTO InactivePlates VALUES ('GOWD3XY', '2022-08-08', '6766471', '2022-08-15');
INSERT INTO Plates VALUES ('GOWD3XY', '2022-08-08', '6766471', 0);
INSERT INTO Revisions (plateNumber, revisionDate, outcome, motivation) VALUES ('GOWD3XY', '2022-08-09', 'negative', 'Targa persa o rubata');
INSERT INTO Vehicle VALUES ('2969711', 'Crossover', 'Ferrari', '2023-03-18');
INSERT INTO ActivePlates VALUES ('9MJWAF1', '2023-07-10', '2969711');
INSERT INTO Plates VALUES ('9MJWAF1', '2023-07-10', '2969711', 1);
INSERT INTO InactivePlates VALUES ('JA80IC3', '2023-06-03', '2969711', '2023-07-04');
INSERT INTO Plates VALUES ('JA80IC3', '2023-06-03', '2969711', 0);
INSERT INTO InactivePlates VALUES ('QIVJ2GP', '2023-04-15', '2969711', '2023-05-27');
INSERT INTO Plates VALUES ('QIVJ2GP', '2023-04-15', '2969711', 0);
INSERT INTO Vehicle VALUES ('1296177', 'Convertible', 'Audi', '2023-04-16');
INSERT INTO InactivePlates VALUES ('HT88U0Z', '2023-05-04', '1296177', '2023-05-31');
INSERT INTO Plates VALUES ('HT88U0Z', '2023-05-04', '1296177', 0);
INSERT INTO Revisions (plateNumber, revisionDate, outcome, motivation) VALUES ('HT88U0Z', '2023-05-23', 'negative', 'Violazione delle leggi sul traffico');
INSERT INTO Vehicle VALUES ('0074584', 'Crossover', 'Chevrolet', '2022-12-23');
INSERT INTO Vehicle VALUES ('3948199', 'Truck', 'Hyundai', '2023-04-05');
INSERT INTO Vehicle VALUES ('7943306', 'Coupe', 'Volvo', '2022-07-11');
INSERT INTO ActivePlates VALUES ('O6BBABA', '2022-07-28', '7943306');
INSERT INTO Plates VALUES ('O6BBABA', '2022-07-28', '7943306', 1);
INSERT INTO Revisions (plateNumber, revisionDate, outcome, motivation) VALUES ('O6BBABA', '2023-02-21', 'negative', 'Some reason for negative outcome');
INSERT INTO Vehicle VALUES ('4716769', 'Sedan', 'Volkswagen', '2022-07-20');
INSERT INTO ActivePlates VALUES ('T530KRA', '2022-09-22', '4716769');
INSERT INTO Plates VALUES ('T530KRA', '2022-09-22', '4716769', 1);
INSERT INTO Revisions (plateNumber, revisionDate, outcome, motivation) VALUES ('T530KRA', '2023-03-14', 'negative', 'Some reason for negative outcome');
INSERT INTO InactivePlates VALUES ('G0IML26', '2022-08-17', '4716769', '2022-09-03');
INSERT INTO Plates VALUES ('G0IML26', '2022-08-17', '4716769', 0);
INSERT INTO Vehicle VALUES ('8678787', 'Hatchback', 'Chevrolet', '2023-03-06');
INSERT INTO Vehicle VALUES ('5950676', 'Convertible', 'Mercedes-Benz', '2022-08-04');
INSERT INTO ActivePlates VALUES ('IH8HXWY', '2022-08-20', '5950676');
INSERT INTO Plates VALUES ('IH8HXWY', '2022-08-20', '5950676', 1);
INSERT INTO Revisions (plateNumber, revisionDate, outcome, motivation) VALUES ('IH8HXWY', '2023-04-13', 'negative', 'Some reason for negative outcome');
INSERT INTO Vehicle VALUES ('3306699', 'Coupe', 'Subaru', '2022-07-23');
INSERT INTO ActivePlates VALUES ('EI0TGY8', '2022-09-22', '3306699');
INSERT INTO Plates VALUES ('EI0TGY8', '2022-09-22', '3306699', 1);
INSERT INTO InactivePlates VALUES ('15RCZAF', '2022-08-03', '3306699', '2022-09-07');
INSERT INTO Plates VALUES ('15RCZAF', '2022-08-03', '3306699', 0);
INSERT INTO Revisions (plateNumber, revisionDate, outcome, motivation) VALUES ('15RCZAF', '2022-08-08', 'negative', 'Mancato pagamento di multe o tasse');
INSERT INTO Vehicle VALUES ('4188937', 'Crossover', 'Tesla', '2022-09-10');
INSERT INTO ActivePlates VALUES ('245YOO8', '2022-12-10', '4188937');
INSERT INTO Plates VALUES ('245YOO8', '2022-12-10', '4188937', 1);
INSERT INTO InactivePlates VALUES ('ABACV50', '2022-10-31', '4188937', '2022-12-05');
INSERT INTO Plates VALUES ('ABACV50', '2022-10-31', '4188937', 0);
INSERT INTO InactivePlates VALUES ('404YTXP', '2022-09-26', '4188937', '2022-10-07');
INSERT INTO Plates VALUES ('404YTXP', '2022-09-26', '4188937', 0);
INSERT INTO Vehicle VALUES ('9139376', 'Crossover', 'Audi', '2022-06-03');
INSERT INTO InactivePlates VALUES ('LYIVT9N', '2022-06-16', '9139376', '2022-10-22');
INSERT INTO Plates VALUES ('LYIVT9N', '2022-06-16', '9139376', 0);
INSERT INTO Revisions (plateNumber, revisionDate, outcome, motivation) VALUES ('LYIVT9N', '2022-07-23', 'negative', 'Veicolo non superato il test delle emissioni');
INSERT INTO Vehicle VALUES ('6642217', 'Crossover', 'Jeep', '2023-03-23');
INSERT INTO Vehicle VALUES ('2556708', 'Crossover', 'Toyota', '2023-01-25');
INSERT INTO InactivePlates VALUES ('COVUSKN', '2023-04-04', '2556708', '2023-08-07');
INSERT INTO Plates VALUES ('COVUSKN', '2023-04-04', '2556708', 0);
INSERT INTO Revisions (plateNumber, revisionDate, outcome, motivation) VALUES ('COVUSKN', '2023-06-24', 'negative', 'Modifiche illegali apportate al veicolo');
INSERT INTO InactivePlates VALUES ('ORZF88Y', '2023-02-23', '2556708', '2023-03-15');
INSERT INTO Plates VALUES ('ORZF88Y', '2023-02-23', '2556708', 0);
INSERT INTO Revisions (plateNumber, revisionDate, outcome, motivation) VALUES ('ORZF88Y', '2023-03-10', 'negative', 'Veicolo coinvolto in incidente');
INSERT INTO Vehicle VALUES ('5860869', 'Truck', 'Honda', '2023-04-07');
INSERT INTO InactivePlates VALUES ('W8U32IS', '2023-07-14', '5860869', '2024-02-16');
INSERT INTO Plates VALUES ('W8U32IS', '2023-07-14', '5860869', 0);
INSERT INTO Revisions (plateNumber, revisionDate, outcome, motivation) VALUES ('W8U32IS', '2023-12-28', 'positive', NULL);
INSERT INTO InactivePlates VALUES ('T4TTNXE', '2023-06-09', '5860869', '2023-06-24');
INSERT INTO Plates VALUES ('T4TTNXE', '2023-06-09', '5860869', 0);
INSERT INTO Revisions (plateNumber, revisionDate, outcome, motivation) VALUES ('T4TTNXE', '2023-06-20', 'negative', 'Veicolo coinvolto in incidente');
INSERT INTO InactivePlates VALUES ('TZTATPH', '2023-04-20', '5860869', '2023-05-31');
INSERT INTO Plates VALUES ('TZTATPH', '2023-04-20', '5860869', 0);
INSERT INTO Revisions (plateNumber, revisionDate, outcome, motivation) VALUES ('TZTATPH', '2023-04-25', 'positive', NULL);
INSERT INTO Vehicle VALUES ('6099562', 'Coupe', 'Toyota', '2022-12-21');
INSERT INTO ActivePlates VALUES ('IWWILSM', '2023-02-11', '6099562');
INSERT INTO Plates VALUES ('IWWILSM', '2023-02-11', '6099562', 1);
INSERT INTO Revisions (plateNumber, revisionDate, outcome, motivation) VALUES ('IWWILSM', '2023-08-27', 'negative', 'Some reason for negative outcome');
INSERT INTO InactivePlates VALUES ('7ESU0OX', '2023-01-08', '6099562', '2023-01-29');
INSERT INTO Plates VALUES ('7ESU0OX', '2023-01-08', '6099562', 0);
INSERT INTO Vehicle VALUES ('3848002', 'Minivan', 'Ferrari', '2022-09-30');
INSERT INTO ActivePlates VALUES ('O6RDU89', '2022-10-23', '3848002');
INSERT INTO Plates VALUES ('O6RDU89', '2022-10-23', '3848002', 1);
INSERT INTO Revisions (plateNumber, revisionDate, outcome, motivation) VALUES ('O6RDU89', '2023-08-01', 'positive', NULL);
INSERT INTO Vehicle VALUES ('3013109', 'Minivan', 'Jeep', '2023-04-23');
INSERT INTO InactivePlates VALUES ('9MAQR17', '2023-08-08', '3013109', '2024-01-11');
INSERT INTO Plates VALUES ('9MAQR17', '2023-08-08', '3013109', 0);
INSERT INTO Revisions (plateNumber, revisionDate, outcome, motivation) VALUES ('9MAQR17', '2024-01-03', 'positive', NULL);
INSERT INTO InactivePlates VALUES ('LDVQLFO', '2023-06-24', '3013109', '2023-07-23');
INSERT INTO Plates VALUES ('LDVQLFO', '2023-06-24', '3013109', 0);
INSERT INTO Revisions (plateNumber, revisionDate, outcome, motivation) VALUES ('LDVQLFO', '2023-07-22', 'positive', NULL);
INSERT INTO InactivePlates VALUES ('5GDEA8K', '2023-05-09', '3013109', '2023-06-20');
INSERT INTO Plates VALUES ('5GDEA8K', '2023-05-09', '3013109', 0);
INSERT INTO Revisions (plateNumber, revisionDate, outcome, motivation) VALUES ('5GDEA8K', '2023-05-31', 'positive', NULL);
INSERT INTO Vehicle VALUES ('1202509', 'Sedan', 'Mazda', '2023-03-05');
INSERT INTO ActivePlates VALUES ('V9EEO9O', '2023-05-04', '1202509');
INSERT INTO Plates VALUES ('V9EEO9O', '2023-05-04', '1202509', 1);
INSERT INTO Revisions (plateNumber, revisionDate, outcome, motivation) VALUES ('V9EEO9O', '2023-05-13', 'positive', NULL);
INSERT INTO Revisions (plateNumber, revisionDate, outcome, motivation) VALUES ('V9EEO9O', '2023-08-25', 'negative', 'Some reason for negative outcome');
INSERT INTO InactivePlates VALUES ('IES61B7', '2023-04-01', '1202509', '2023-04-20');
INSERT INTO Plates VALUES ('IES61B7', '2023-04-01', '1202509', 0);
INSERT INTO Revisions (plateNumber, revisionDate, outcome, motivation) VALUES ('IES61B7', '2023-04-13', 'positive', NULL);
INSERT INTO Vehicle VALUES ('3362785', 'Minivan', 'Ferrari', '2023-05-12');
INSERT INTO ActivePlates VALUES ('AXN1TU9', '2023-06-09', '3362785');
INSERT INTO Plates VALUES ('AXN1TU9', '2023-06-09', '3362785', 1);
INSERT INTO Revisions (plateNumber, revisionDate, outcome, motivation) VALUES ('AXN1TU9', '2024-03-17', 'positive', NULL);
INSERT INTO Revisions (plateNumber, revisionDate, outcome, motivation) VALUES ('AXN1TU9', '2024-04-27', 'negative', 'Some reason for negative outcome');
INSERT INTO Vehicle VALUES ('9364104', 'Sports Car', 'Subaru', '2022-07-31');
INSERT INTO ActivePlates VALUES ('BQX3GLR', '2022-09-28', '9364104');
INSERT INTO Plates VALUES ('BQX3GLR', '2022-09-28', '9364104', 1);
INSERT INTO InactivePlates VALUES ('FPSLZ87', '2022-08-15', '9364104', '2022-09-04');
INSERT INTO Plates VALUES ('FPSLZ87', '2022-08-15', '9364104', 0);
INSERT INTO Revisions (plateNumber, revisionDate, outcome, motivation) VALUES ('FPSLZ87', '2022-08-19', 'positive', NULL);
INSERT INTO Revisions (plateNumber, revisionDate, outcome, motivation) VALUES ('FPSLZ87', '2022-08-18', 'positive', NULL);
INSERT INTO Vehicle VALUES ('2576094', 'Convertible', 'Nissan', '2022-06-07');
INSERT INTO ActivePlates VALUES ('ICXA9HC', '2022-07-24', '2576094');
INSERT INTO Plates VALUES ('ICXA9HC', '2022-07-24', '2576094', 1);
INSERT INTO InactivePlates VALUES ('AH9J55O', '2022-06-22', '2576094', '2022-07-12');
INSERT INTO Plates VALUES ('AH9J55O', '2022-06-22', '2576094', 0);
INSERT INTO Revisions (plateNumber, revisionDate, outcome, motivation) VALUES ('AH9J55O', '2022-07-05', 'positive', NULL);
INSERT INTO Vehicle VALUES ('3062501', 'Minivan', 'Tesla', '2022-12-24');
INSERT INTO ActivePlates VALUES ('D3OUUMI', '2023-03-10', '3062501');
INSERT INTO Plates VALUES ('D3OUUMI', '2023-03-10', '3062501', 1);
INSERT INTO Revisions (plateNumber, revisionDate, outcome, motivation) VALUES ('D3OUUMI', '2023-08-30', 'positive', NULL);
INSERT INTO InactivePlates VALUES ('20P9H01', '2023-01-19', '3062501', '2023-01-29');
INSERT INTO Plates VALUES ('20P9H01', '2023-01-19', '3062501', 0);
INSERT INTO Vehicle VALUES ('0277988', 'Hatchback', 'Kia', '2023-02-07');
INSERT INTO ActivePlates VALUES ('E7CV70I', '2023-04-08', '0277988');
INSERT INTO Plates VALUES ('E7CV70I', '2023-04-08', '0277988', 1);
INSERT INTO InactivePlates VALUES ('F4T495H', '2023-02-20', '0277988', '2023-03-19');
INSERT INTO Plates VALUES ('F4T495H', '2023-02-20', '0277988', 0);
INSERT INTO Revisions (plateNumber, revisionDate, outcome, motivation) VALUES ('F4T495H', '2023-03-13', 'negative', 'Violazione delle normative ambientali');
INSERT INTO Revisions (plateNumber, revisionDate, outcome, motivation) VALUES ('F4T495H', '2023-03-07', 'positive', NULL);
INSERT INTO Vehicle VALUES ('6569470', 'Hatchback', 'Kia', '2022-06-01');
INSERT INTO Vehicle VALUES ('9145779', 'Convertible', 'Jeep', '2023-03-30');
INSERT INTO ActivePlates VALUES ('5VJAUVV', '2023-04-26', '9145779');
INSERT INTO Plates VALUES ('5VJAUVV', '2023-04-26', '9145779', 1);
INSERT INTO Revisions (plateNumber, revisionDate, outcome, motivation) VALUES ('5VJAUVV', '2023-07-17', 'positive', NULL);
INSERT INTO Vehicle VALUES ('6109295', 'Truck', 'Audi', '2022-06-24');
INSERT INTO ActivePlates VALUES ('W9BS9YE', '2022-09-03', '6109295');
INSERT INTO Plates VALUES ('W9BS9YE', '2022-09-03', '6109295', 1);
INSERT INTO InactivePlates VALUES ('T9KTERQ', '2022-07-16', '6109295', '2022-08-30');
INSERT INTO Plates VALUES ('T9KTERQ', '2022-07-16', '6109295', 0);
INSERT INTO Revisions (plateNumber, revisionDate, outcome, motivation) VALUES ('T9KTERQ', '2022-08-12', 'negative', 'Veicolo coinvolto in incidente');
INSERT INTO Vehicle VALUES ('7715587', 'Convertible', 'Tesla', '2023-04-04');
INSERT INTO Vehicle VALUES ('1544751', 'Truck', 'Kia', '2022-08-31');
INSERT INTO Vehicle VALUES ('5821487', 'SUV', 'Lexus', '2022-10-12');
INSERT INTO ActivePlates VALUES ('Y3GFUBC', '2023-01-26', '5821487');
INSERT INTO Plates VALUES ('Y3GFUBC', '2023-01-26', '5821487', 1);
INSERT INTO Revisions (plateNumber, revisionDate, outcome, motivation) VALUES ('Y3GFUBC', '2023-10-12', 'negative', 'Some reason for negative outcome');
INSERT INTO InactivePlates VALUES ('4YZX0YA', '2022-12-10', '5821487', '2023-01-02');
INSERT INTO Plates VALUES ('4YZX0YA', '2022-12-10', '5821487', 0);
INSERT INTO Revisions (plateNumber, revisionDate, outcome, motivation) VALUES ('4YZX0YA', '2022-12-31', 'positive', NULL);
INSERT INTO InactivePlates VALUES ('ALCEZM8', '2022-11-01', '5821487', '2022-12-05');
INSERT INTO Plates VALUES ('ALCEZM8', '2022-11-01', '5821487', 0);
INSERT INTO Vehicle VALUES ('1477453', 'Sedan', 'BMW', '2023-04-07');
INSERT INTO ActivePlates VALUES ('L6QHHCF', '2023-05-01', '1477453');
INSERT INTO Plates VALUES ('L6QHHCF', '2023-05-01', '1477453', 1);
INSERT INTO Vehicle VALUES ('7936207', 'Coupe', 'Toyota', '2022-12-18');
INSERT INTO Vehicle VALUES ('3226542', 'SUV', 'Mazda', '2022-10-25');
INSERT INTO InactivePlates VALUES ('P2EAATP', '2022-11-12', '3226542', '2023-09-01');
INSERT INTO Plates VALUES ('P2EAATP', '2022-11-12', '3226542', 0);
INSERT INTO Revisions (plateNumber, revisionDate, outcome, motivation) VALUES ('P2EAATP', '2022-11-22', 'positive', NULL);
INSERT INTO Vehicle VALUES ('7915430', 'Hatchback', 'Mercedes-Benz', '2022-06-05');
INSERT INTO ActivePlates VALUES ('LP9F1A9', '2022-07-04', '7915430');
INSERT INTO Plates VALUES ('LP9F1A9', '2022-07-04', '7915430', 1);
INSERT INTO Vehicle VALUES ('9061019', 'Hatchback', 'Tesla', '2022-12-01');
INSERT INTO ActivePlates VALUES ('MMKAEYE', '2023-03-19', '9061019');
INSERT INTO Plates VALUES ('MMKAEYE', '2023-03-19', '9061019', 1);
INSERT INTO InactivePlates VALUES ('TFWUO1Y', '2023-02-07', '9061019', '2023-03-03');
INSERT INTO Plates VALUES ('TFWUO1Y', '2023-02-07', '9061019', 0);
INSERT INTO InactivePlates VALUES ('2S2AYJK', '2022-12-20', '9061019', '2022-12-29');
INSERT INTO Plates VALUES ('2S2AYJK', '2022-12-20', '9061019', 0);
INSERT INTO Vehicle VALUES ('7600156', 'Sports Car', 'Volvo', '2022-12-02');
INSERT INTO InactivePlates VALUES ('MPH3XMT', '2023-01-01', '7600156', '2023-11-29');
INSERT INTO Plates VALUES ('MPH3XMT', '2023-01-01', '7600156', 0);
INSERT INTO Revisions (plateNumber, revisionDate, outcome, motivation) VALUES ('MPH3XMT', '2023-07-29', 'positive', NULL);
INSERT INTO Vehicle VALUES ('1245421', 'Truck', 'Kia', '2023-02-22');
INSERT INTO InactivePlates VALUES ('ICQWEAZ', '2023-06-11', '1245421', '2023-08-22');
INSERT INTO Plates VALUES ('ICQWEAZ', '2023-06-11', '1245421', 0);
INSERT INTO Revisions (plateNumber, revisionDate, outcome, motivation) VALUES ('ICQWEAZ', '2023-08-05', 'positive', NULL);
INSERT INTO InactivePlates VALUES ('V7GXWXR', '2023-04-29', '1245421', '2023-05-08');
INSERT INTO Plates VALUES ('V7GXWXR', '2023-04-29', '1245421', 0);
INSERT INTO Revisions (plateNumber, revisionDate, outcome, motivation) VALUES ('V7GXWXR', '2023-04-30', 'positive', NULL);
INSERT INTO InactivePlates VALUES ('L2ILG9S', '2023-03-14', '1245421', '2023-04-25');
INSERT INTO Plates VALUES ('L2ILG9S', '2023-03-14', '1245421', 0);
INSERT INTO Revisions (plateNumber, revisionDate, outcome, motivation) VALUES ('L2ILG9S', '2023-04-09', 'positive', NULL);
INSERT INTO Vehicle VALUES ('3141562', 'Sports Car', 'Audi', '2022-06-01');
INSERT INTO Vehicle VALUES ('7598671', 'Sports Car', 'Toyota', '2023-02-26');
INSERT INTO ActivePlates VALUES ('P6WVRZ5', '2023-03-23', '7598671');
INSERT INTO Plates VALUES ('P6WVRZ5', '2023-03-23', '7598671', 1);
INSERT INTO Revisions (plateNumber, revisionDate, outcome, motivation) VALUES ('P6WVRZ5', '2023-09-27', 'negative', 'Some reason for negative outcome');
INSERT INTO Vehicle VALUES ('2661307', 'Truck', 'Lexus', '2022-10-01');
INSERT INTO InactivePlates VALUES ('8JIN5VX', '2023-01-01', '2661307', '2024-01-03');
INSERT INTO Plates VALUES ('8JIN5VX', '2023-01-01', '2661307', 0);
INSERT INTO Revisions (plateNumber, revisionDate, outcome, motivation) VALUES ('8JIN5VX', '2023-05-06', 'negative', 'Falsificazione o contraffazione di documenti');
INSERT INTO InactivePlates VALUES ('JOCBQF0', '2022-11-29', '2661307', '2022-12-23');
INSERT INTO Plates VALUES ('JOCBQF0', '2022-11-29', '2661307', 0);
INSERT INTO Revisions (plateNumber, revisionDate, outcome, motivation) VALUES ('JOCBQF0', '2022-12-13', 'negative', 'Violazione delle leggi sul traffico');
INSERT INTO InactivePlates VALUES ('NSQL5JJ', '2022-10-12', '2661307', '2022-11-14');
INSERT INTO Plates VALUES ('NSQL5JJ', '2022-10-12', '2661307', 0);
INSERT INTO Revisions (plateNumber, revisionDate, outcome, motivation) VALUES ('NSQL5JJ', '2022-10-15', 'positive', NULL);
INSERT INTO Vehicle VALUES ('9505044', 'Minivan', 'Ferrari', '2022-09-16');
INSERT INTO ActivePlates VALUES ('HM042P6', '2022-10-29', '9505044');
INSERT INTO Plates VALUES ('HM042P6', '2022-10-29', '9505044', 1);
INSERT INTO Revisions (plateNumber, revisionDate, outcome, motivation) VALUES ('HM042P6', '2024-01-30', 'positive', NULL);
INSERT INTO Revisions (plateNumber, revisionDate, outcome, motivation) VALUES ('HM042P6', '2023-02-22', 'positive', NULL);
INSERT INTO Revisions (plateNumber, revisionDate, outcome, motivation) VALUES ('HM042P6', '2023-02-12', 'positive', NULL);
INSERT INTO InactivePlates VALUES ('WQ5C1GZ', '2022-09-28', '9505044', '2022-10-26');
INSERT INTO Plates VALUES ('WQ5C1GZ', '2022-09-28', '9505044', 0);
INSERT INTO Vehicle VALUES ('5792553', 'Hatchback', 'Ford', '2022-06-22');
INSERT INTO Vehicle VALUES ('2967521', 'Sports Car', 'Hyundai', '2023-04-27');
INSERT INTO ActivePlates VALUES ('Z2RXITQ', '2023-05-15', '2967521');
INSERT INTO Plates VALUES ('Z2RXITQ', '2023-05-15', '2967521', 1);
INSERT INTO Vehicle VALUES ('7383903', 'Sedan', 'Honda', '2023-03-14');
INSERT INTO ActivePlates VALUES ('Z41MXV5', '2023-05-19', '7383903');
INSERT INTO Plates VALUES ('Z41MXV5', '2023-05-19', '7383903', 1);
INSERT INTO Revisions (plateNumber, revisionDate, outcome, motivation) VALUES ('Z41MXV5', '2023-12-24', 'positive', NULL);
INSERT INTO InactivePlates VALUES ('CVMJL2V', '2023-04-11', '7383903', '2023-05-14');
INSERT INTO Plates VALUES ('CVMJL2V', '2023-04-11', '7383903', 0);
INSERT INTO Vehicle VALUES ('7136523', 'Hatchback', 'Jaguar', '2022-10-06');
INSERT INTO ActivePlates VALUES ('6XK02WK', '2023-01-17', '7136523');
INSERT INTO Plates VALUES ('6XK02WK', '2023-01-17', '7136523', 1);
INSERT INTO InactivePlates VALUES ('QVKS66K', '2022-12-03', '7136523', '2022-12-17');
INSERT INTO Plates VALUES ('QVKS66K', '2022-12-03', '7136523', 0);
INSERT INTO InactivePlates VALUES ('01Z9R06', '2022-10-30', '7136523', '2022-11-25');
INSERT INTO Plates VALUES ('01Z9R06', '2022-10-30', '7136523', 0);
INSERT INTO Revisions (plateNumber, revisionDate, outcome, motivation) VALUES ('01Z9R06', '2022-11-24', 'positive', NULL);
INSERT INTO Vehicle VALUES ('0113310', 'Truck', 'Subaru', '2022-08-20');
INSERT INTO ActivePlates VALUES ('JL7BNSM', '2022-11-30', '0113310');
INSERT INTO Plates VALUES ('JL7BNSM', '2022-11-30', '0113310', 1);
INSERT INTO InactivePlates VALUES ('DXL5RYM', '2022-10-25', '0113310', '2022-11-25');
INSERT INTO Plates VALUES ('DXL5RYM', '2022-10-25', '0113310', 0);
INSERT INTO Revisions (plateNumber, revisionDate, outcome, motivation) VALUES ('DXL5RYM', '2022-11-14', 'positive', NULL);
INSERT INTO Revisions (plateNumber, revisionDate, outcome, motivation) VALUES ('DXL5RYM', '2022-11-02', 'negative', 'Violazione delle normative ambientali');
INSERT INTO InactivePlates VALUES ('HNSYJS4', '2022-09-14', '0113310', '2022-10-08');
INSERT INTO Plates VALUES ('HNSYJS4', '2022-09-14', '0113310', 0);
INSERT INTO Revisions (plateNumber, revisionDate, outcome, motivation) VALUES ('HNSYJS4', '2022-09-24', 'negative', 'Veicolo non superato il test delle emissioni');
INSERT INTO Revisions (plateNumber, revisionDate, outcome, motivation) VALUES ('HNSYJS4', '2022-09-16', 'negative', 'Registrazione scaduta');
INSERT INTO Vehicle VALUES ('7272017', 'Sports Car', 'Mercedes-Benz', '2022-11-14');
INSERT INTO InactivePlates VALUES ('XH9T74U', '2023-01-11', '7272017', '2023-10-28');
INSERT INTO Plates VALUES ('XH9T74U', '2023-01-11', '7272017', 0);
INSERT INTO Revisions (plateNumber, revisionDate, outcome, motivation) VALUES ('XH9T74U', '2023-06-17', 'positive', NULL);
INSERT INTO InactivePlates VALUES ('GMF21DR', '2022-12-05', '7272017', '2022-12-16');
INSERT INTO Plates VALUES ('GMF21DR', '2022-12-05', '7272017', 0);
INSERT INTO Revisions (plateNumber, revisionDate, outcome, motivation) VALUES ('GMF21DR', '2022-12-08', 'negative', 'Veicolo segnalato come rubato');
INSERT INTO Vehicle VALUES ('4977251', 'Crossover', 'Lexus', '2022-10-21');
INSERT INTO ActivePlates VALUES ('BQL2UN0', '2022-11-01', '4977251');
INSERT INTO Plates VALUES ('BQL2UN0', '2022-11-01', '4977251', 1);
INSERT INTO Vehicle VALUES ('4707873', 'Crossover', 'BMW', '2023-04-23');
INSERT INTO ActivePlates VALUES ('2M9EMXU', '2023-08-02', '4707873');
INSERT INTO Plates VALUES ('2M9EMXU', '2023-08-02', '4707873', 1);
INSERT INTO InactivePlates VALUES ('7IGZQFP', '2023-06-30', '4707873', '2023-07-09');
INSERT INTO Plates VALUES ('7IGZQFP', '2023-06-30', '4707873', 0);
INSERT INTO Revisions (plateNumber, revisionDate, outcome, motivation) VALUES ('7IGZQFP', '2023-07-08', 'positive', NULL);
INSERT INTO InactivePlates VALUES ('6W8FRJ9', '2023-05-20', '4707873', '2023-06-09');
INSERT INTO Plates VALUES ('6W8FRJ9', '2023-05-20', '4707873', 0);
INSERT INTO Revisions (plateNumber, revisionDate, outcome, motivation) VALUES ('6W8FRJ9', '2023-05-30', 'negative', 'Violazione delle normative ambientali');
INSERT INTO Revisions (plateNumber, revisionDate, outcome, motivation) VALUES ('6W8FRJ9', '2023-05-29', 'positive', NULL);
INSERT INTO Vehicle VALUES ('6727223', 'SUV', 'Chevrolet', '2023-01-30');
INSERT INTO InactivePlates VALUES ('TTOD25T', '2023-04-29', '6727223', '2023-11-13');
INSERT INTO Plates VALUES ('TTOD25T', '2023-04-29', '6727223', 0);
INSERT INTO Revisions (plateNumber, revisionDate, outcome, motivation) VALUES ('TTOD25T', '2023-08-15', 'positive', NULL);
INSERT INTO InactivePlates VALUES ('PA2LU9U', '2023-03-13', '6727223', '2023-04-13');
INSERT INTO Plates VALUES ('PA2LU9U', '2023-03-13', '6727223', 0);
INSERT INTO Revisions (plateNumber, revisionDate, outcome, motivation) VALUES ('PA2LU9U', '2023-03-30', 'negative', 'Violazione delle normative ambientali');
INSERT INTO InactivePlates VALUES ('GPGY7I4', '2023-02-10', '6727223', '2023-03-08');
INSERT INTO Plates VALUES ('GPGY7I4', '2023-02-10', '6727223', 0);
INSERT INTO Revisions (plateNumber, revisionDate, outcome, motivation) VALUES ('GPGY7I4', '2023-03-07', 'positive', NULL);
INSERT INTO Vehicle VALUES ('5453909', 'Coupe', 'Mercedes-Benz', '2022-11-19');
INSERT INTO ActivePlates VALUES ('6TP8GNI', '2023-03-02', '5453909');
INSERT INTO Plates VALUES ('6TP8GNI', '2023-03-02', '5453909', 1);
INSERT INTO InactivePlates VALUES ('S9119BU', '2023-01-25', '5453909', '2023-02-28');
INSERT INTO Plates VALUES ('S9119BU', '2023-01-25', '5453909', 0);
INSERT INTO Revisions (plateNumber, revisionDate, outcome, motivation) VALUES ('S9119BU', '2023-02-21', 'positive', NULL);
INSERT INTO InactivePlates VALUES ('RRDYNSL', '2022-12-10', '5453909', '2022-12-27');
INSERT INTO Plates VALUES ('RRDYNSL', '2022-12-10', '5453909', 0);
INSERT INTO Vehicle VALUES ('8394365', 'Minivan', 'Tesla', '2022-08-02');
INSERT INTO Vehicle VALUES ('4409689', 'SUV', 'Tesla', '2022-10-05');
INSERT INTO InactivePlates VALUES ('AMJ45I0', '2023-01-09', '4409689', '2023-04-02');
INSERT INTO Plates VALUES ('AMJ45I0', '2023-01-09', '4409689', 0);
INSERT INTO Revisions (plateNumber, revisionDate, outcome, motivation) VALUES ('AMJ45I0', '2023-01-27', 'negative', 'Veicolo non superato il test delle emissioni');
INSERT INTO InactivePlates VALUES ('Y0HXIBU', '2022-11-25', '4409689', '2023-01-02');
INSERT INTO Plates VALUES ('Y0HXIBU', '2022-11-25', '4409689', 0);
INSERT INTO Revisions (plateNumber, revisionDate, outcome, motivation) VALUES ('Y0HXIBU', '2022-12-26', 'positive', NULL);
INSERT INTO InactivePlates VALUES ('LPNG4O3', '2022-10-20', '4409689', '2022-11-14');
INSERT INTO Plates VALUES ('LPNG4O3', '2022-10-20', '4409689', 0);
INSERT INTO Revisions (plateNumber, revisionDate, outcome, motivation) VALUES ('LPNG4O3', '2022-11-03', 'positive', NULL);
INSERT INTO Vehicle VALUES ('0886828', 'Sports Car', 'Subaru', '2023-02-08');
INSERT INTO Vehicle VALUES ('4774973', 'Sedan', 'Mazda', '2022-10-07');
INSERT INTO ActivePlates VALUES ('HV76VQO', '2023-01-21', '4774973');
INSERT INTO Plates VALUES ('HV76VQO', '2023-01-21', '4774973', 1);
INSERT INTO Revisions (plateNumber, revisionDate, outcome, motivation) VALUES ('HV76VQO', '2023-04-30', 'negative', 'Some reason for negative outcome');
INSERT INTO InactivePlates VALUES ('9F6LQE5', '2022-12-15', '4774973', '2022-12-28');
INSERT INTO Plates VALUES ('9F6LQE5', '2022-12-15', '4774973', 0);
INSERT INTO Revisions (plateNumber, revisionDate, outcome, motivation) VALUES ('9F6LQE5', '2022-12-18', 'positive', NULL);
INSERT INTO Revisions (plateNumber, revisionDate, outcome, motivation) VALUES ('9F6LQE5', '2022-12-27', 'negative', 'Falsificazione o contraffazione di documenti');
INSERT INTO InactivePlates VALUES ('M4NODUL', '2022-10-27', '4774973', '2022-11-06');
INSERT INTO Plates VALUES ('M4NODUL', '2022-10-27', '4774973', 0);
INSERT INTO Vehicle VALUES ('1321506', 'Coupe', 'Toyota', '2023-04-30');
INSERT INTO ActivePlates VALUES ('V5CZZMM', '2023-08-11', '1321506');
INSERT INTO Plates VALUES ('V5CZZMM', '2023-08-11', '1321506', 1);
INSERT INTO Revisions (plateNumber, revisionDate, outcome, motivation) VALUES ('V5CZZMM', '2023-10-05', 'positive', NULL);
INSERT INTO InactivePlates VALUES ('9S08GY5', '2023-07-01', '1321506', '2023-07-10');
INSERT INTO Plates VALUES ('9S08GY5', '2023-07-01', '1321506', 0);
INSERT INTO Revisions (plateNumber, revisionDate, outcome, motivation) VALUES ('9S08GY5', '2023-07-02', 'positive', NULL);
INSERT INTO InactivePlates VALUES ('ZSMCRN2', '2023-05-16', '1321506', '2023-05-22');
INSERT INTO Plates VALUES ('ZSMCRN2', '2023-05-16', '1321506', 0);
INSERT INTO Vehicle VALUES ('4933278', 'Convertible', 'Chevrolet', '2022-07-03');
INSERT INTO ActivePlates VALUES ('X5Z1WMW', '2022-08-28', '4933278');
INSERT INTO Plates VALUES ('X5Z1WMW', '2022-08-28', '4933278', 1);
INSERT INTO Revisions (plateNumber, revisionDate, outcome, motivation) VALUES ('X5Z1WMW', '2024-05-16', 'negative', 'Some reason for negative outcome');
INSERT INTO InactivePlates VALUES ('F14RN3R', '2022-07-28', '4933278', '2022-08-17');
INSERT INTO Plates VALUES ('F14RN3R', '2022-07-28', '4933278', 0);
INSERT INTO Vehicle VALUES ('4281942', 'Sports Car', 'Kia', '2022-06-19');
INSERT INTO InactivePlates VALUES ('OO6MMEK', '2022-07-08', '4281942', '2022-07-29');
INSERT INTO Plates VALUES ('OO6MMEK', '2022-07-08', '4281942', 0);
INSERT INTO Revisions (plateNumber, revisionDate, outcome, motivation) VALUES ('OO6MMEK', '2022-07-22', 'negative', 'Violazione delle leggi sul traffico');
INSERT INTO Vehicle VALUES ('4821322', 'Minivan', 'Honda', '2022-07-16');
INSERT INTO ActivePlates VALUES ('C1RQ364', '2022-08-06', '4821322');
INSERT INTO Plates VALUES ('C1RQ364', '2022-08-06', '4821322', 1);
INSERT INTO Revisions (plateNumber, revisionDate, outcome, motivation) VALUES ('C1RQ364', '2024-04-13', 'negative', 'Some reason for negative outcome');
INSERT INTO Vehicle VALUES ('1436757', 'Sports Car', 'Subaru', '2023-02-22');
INSERT INTO ActivePlates VALUES ('I1C8D25', '2023-04-30', '1436757');
INSERT INTO Plates VALUES ('I1C8D25', '2023-04-30', '1436757', 1);
INSERT INTO Revisions (plateNumber, revisionDate, outcome, motivation) VALUES ('I1C8D25', '2023-10-17', 'positive', NULL);
INSERT INTO InactivePlates VALUES ('34J6O8L', '2023-03-12', '1436757', '2023-04-23');
INSERT INTO Plates VALUES ('34J6O8L', '2023-03-12', '1436757', 0);
INSERT INTO Vehicle VALUES ('9741594', 'Sedan', 'Volvo', '2022-07-20');
INSERT INTO ActivePlates VALUES ('UO98G95', '2022-08-17', '9741594');
INSERT INTO Plates VALUES ('UO98G95', '2022-08-17', '9741594', 1);
INSERT INTO Revisions (plateNumber, revisionDate, outcome, motivation) VALUES ('UO98G95', '2022-10-16', 'positive', NULL);
INSERT INTO Revisions (plateNumber, revisionDate, outcome, motivation) VALUES ('UO98G95', '2024-02-13', 'negative', 'Some reason for negative outcome');
INSERT INTO Vehicle VALUES ('6462750', 'Coupe', 'Porsche', '2022-06-16');
INSERT INTO ActivePlates VALUES ('0E57O7I', '2022-07-09', '6462750');
INSERT INTO Plates VALUES ('0E57O7I', '2022-07-09', '6462750', 1);
INSERT INTO Revisions (plateNumber, revisionDate, outcome, motivation) VALUES ('0E57O7I', '2023-10-09', 'negative', 'Some reason for negative outcome');
INSERT INTO Vehicle VALUES ('2861497', 'Sedan', 'Ferrari', '2022-12-14');
INSERT INTO Vehicle VALUES ('7855880', 'Convertible', 'Tesla', '2022-08-14');
INSERT INTO ActivePlates VALUES ('FYE52SI', '2022-09-10', '7855880');
INSERT INTO Plates VALUES ('FYE52SI', '2022-09-10', '7855880', 1);
INSERT INTO Revisions (plateNumber, revisionDate, outcome, motivation) VALUES ('FYE52SI', '2023-10-14', 'negative', 'Some reason for negative outcome');
INSERT INTO Vehicle VALUES ('0771832', 'Minivan', 'Toyota', '2022-11-01');
INSERT INTO ActivePlates VALUES ('5AAQJMC', '2023-02-15', '0771832');
INSERT INTO Plates VALUES ('5AAQJMC', '2023-02-15', '0771832', 1);
INSERT INTO Revisions (plateNumber, revisionDate, outcome, motivation) VALUES ('5AAQJMC', '2023-08-19', 'negative', 'Some reason for negative outcome');
INSERT INTO InactivePlates VALUES ('K1F31NS', '2023-01-07', '0771832', '2023-02-03');
INSERT INTO Plates VALUES ('K1F31NS', '2023-01-07', '0771832', 0);
INSERT INTO InactivePlates VALUES ('EMCP43H', '2022-11-30', '0771832', '2022-12-23');
INSERT INTO Plates VALUES ('EMCP43H', '2022-11-30', '0771832', 0);
INSERT INTO Revisions (plateNumber, revisionDate, outcome, motivation) VALUES ('EMCP43H', '2022-12-05', 'negative', 'Documentazione errata presentata');
INSERT INTO Vehicle VALUES ('4219801', 'Crossover', 'Lexus', '2023-03-13');
INSERT INTO InactivePlates VALUES ('IYW76W7', '2023-03-30', '4219801', '2024-03-08');
INSERT INTO Plates VALUES ('IYW76W7', '2023-03-30', '4219801', 0);
INSERT INTO Revisions (plateNumber, revisionDate, outcome, motivation) VALUES ('IYW76W7', '2024-01-31', 'negative', 'Registrazione fraudolenta');
INSERT INTO Vehicle VALUES ('2991415', 'Crossover', 'Chevrolet', '2023-01-03');
INSERT INTO InactivePlates VALUES ('C21D7IR', '2023-03-06', '2991415', '2023-12-13');
INSERT INTO Plates VALUES ('C21D7IR', '2023-03-06', '2991415', 0);
INSERT INTO Revisions (plateNumber, revisionDate, outcome, motivation) VALUES ('C21D7IR', '2023-07-25', 'negative', 'Mancato pagamento di imposte');
INSERT INTO InactivePlates VALUES ('JI2W46E', '2023-02-01', '2991415', '2023-02-10');
INSERT INTO Plates VALUES ('JI2W46E', '2023-02-01', '2991415', 0);
INSERT INTO Revisions (plateNumber, revisionDate, outcome, motivation) VALUES ('JI2W46E', '2023-02-02', 'positive', NULL);
INSERT INTO Vehicle VALUES ('3957911', 'Sedan', 'Porsche', '2023-03-21');
INSERT INTO InactivePlates VALUES ('N16NXHW', '2023-06-01', '3957911', '2023-07-01');
INSERT INTO Plates VALUES ('N16NXHW', '2023-06-01', '3957911', 0);
INSERT INTO Revisions (plateNumber, revisionDate, outcome, motivation) VALUES ('N16NXHW', '2023-06-17', 'negative', 'Violazione delle leggi sul traffico');
INSERT INTO InactivePlates VALUES ('W44R8X1', '2023-04-13', '3957911', '2023-05-18');
INSERT INTO Plates VALUES ('W44R8X1', '2023-04-13', '3957911', 0);
INSERT INTO Revisions (plateNumber, revisionDate, outcome, motivation) VALUES ('W44R8X1', '2023-05-01', 'positive', NULL);
INSERT INTO Vehicle VALUES ('2607377', 'Convertible', 'BMW', '2023-02-20');
INSERT INTO ActivePlates VALUES ('TIB10JB', '2023-05-23', '2607377');
INSERT INTO Plates VALUES ('TIB10JB', '2023-05-23', '2607377', 1);
INSERT INTO InactivePlates VALUES ('5GSI32C', '2023-04-14', '2607377', '2023-04-20');
INSERT INTO Plates VALUES ('5GSI32C', '2023-04-14', '2607377', 0);
INSERT INTO Revisions (plateNumber, revisionDate, outcome, motivation) VALUES ('5GSI32C', '2023-04-17', 'negative', 'Non conformità alle normative');
INSERT INTO Revisions (plateNumber, revisionDate, outcome, motivation) VALUES ('5GSI32C', '2023-04-19', 'positive', NULL);
INSERT INTO InactivePlates VALUES ('PSACOHA', '2023-03-02', '2607377', '2023-03-08');
INSERT INTO Plates VALUES ('PSACOHA', '2023-03-02', '2607377', 0);
INSERT INTO Revisions (plateNumber, revisionDate, outcome, motivation) VALUES ('PSACOHA', '2023-03-05', 'negative', 'Veicolo segnalato come rubato');
INSERT INTO Vehicle VALUES ('1953056', 'Convertible', 'Volvo', '2022-09-18');
INSERT INTO Vehicle VALUES ('5649241', 'Crossover', 'Nissan', '2022-06-29');
INSERT INTO InactivePlates VALUES ('P1XYA3F', '2022-08-28', '5649241', '2023-03-31');
INSERT INTO Plates VALUES ('P1XYA3F', '2022-08-28', '5649241', 0);
INSERT INTO Revisions (plateNumber, revisionDate, outcome, motivation) VALUES ('P1XYA3F', '2022-10-07', 'positive', NULL);
INSERT INTO InactivePlates VALUES ('BEES8PN', '2022-07-15', '5649241', '2022-08-14');
INSERT INTO Plates VALUES ('BEES8PN', '2022-07-15', '5649241', 0);
INSERT INTO Revisions (plateNumber, revisionDate, outcome, motivation) VALUES ('BEES8PN', '2022-08-02', 'negative', 'Non conformità alle normative');
INSERT INTO Vehicle VALUES ('8256444', 'Convertible', 'Volkswagen', '2023-03-17');
INSERT INTO InactivePlates VALUES ('VDVAQ1Q', '2023-05-24', '8256444', '2024-02-08');
INSERT INTO Plates VALUES ('VDVAQ1Q', '2023-05-24', '8256444', 0);
INSERT INTO Revisions (plateNumber, revisionDate, outcome, motivation) VALUES ('VDVAQ1Q', '2023-08-29', 'positive', NULL);
INSERT INTO InactivePlates VALUES ('GT62NOZ', '2023-04-09', '8256444', '2023-04-27');
INSERT INTO Plates VALUES ('GT62NOZ', '2023-04-09', '8256444', 0);
INSERT INTO Revisions (plateNumber, revisionDate, outcome, motivation) VALUES ('GT62NOZ', '2023-04-26', 'negative', 'Modifiche improprie apportate al veicolo');
INSERT INTO Vehicle VALUES ('4447453', 'Sports Car', 'Mazda', '2022-10-02');
