CREATE TABLE IF NOT EXISTS Vehicle (
                    number VARCHAR(7) PRIMARY KEY,
                    model VARCHAR(20),
                    brand VARCHAR(20),
                    prodDate DATE);
CREATE TABLE IF NOT EXISTS ActivePlates (
                    number VARCHAR(7) PRIMARY KEY,
                    emissionDate DATE,
                    vehicleNumber VARCHAR(7),
                    FOREIGN KEY(vehicleNumber) REFERENCES Vehicle(number));
CREATE TABLE IF NOT EXISTS InactivePlates (
                    number VARCHAR(7) PRIMARY KEY,
                    emissionDate DATE,
                    vehicleNumber VARCHAR(7),
                    resDate DATE,
                    FOREIGN KEY(vehicleNumber) REFERENCES Vehicle(number));
CREATE TABLE IF NOT EXISTS Plates (
                    number VARCHAR(7) PRIMARY KEY,
                    emissionDate DATE,
                    vehicleNumber VARCHAR(7),
                    active BOOLEAN,
                    FOREIGN KEY(vehicleNumber) REFERENCES Vehicle(number));
CREATE TABLE IF NOT EXISTS Revisions (
                    id INT AUTO_INCREMENT PRIMARY KEY,
                    plateNumber VARCHAR(7),
                    revisionDate DATE,
                    outcome VARCHAR(10),
                    motivation TEXT,
                    FOREIGN KEY(plateNumber) REFERENCES Plates(number));
INSERT INTO Vehicle VALUES ('8404618', 'Crossover', 'Volkswagen', '2022-08-04');
INSERT INTO Vehicle VALUES ('1675506', 'Coupe', 'Hyundai', '2023-04-09');
INSERT INTO ActivePlates VALUES ('U5VYP5H', '2023-04-29', '1675506');
INSERT INTO Plates VALUES ('U5VYP5H', '2023-04-29', '1675506', 1);
INSERT INTO Revisions (plateNumber, revisionDate, outcome, motivation) VALUES ('U5VYP5H', '2024-02-02', 'negative', 'Violazione delle normative ambientali');
INSERT INTO Revisions (plateNumber, revisionDate, outcome, motivation) VALUES ('U5VYP5H', '2023-05-28', 'negative', "Veicolo considerato non sicuro per l'uso su strada");
INSERT INTO Vehicle VALUES ('7482561', 'Sedan', 'Jaguar', '2023-05-02');
INSERT INTO Vehicle VALUES ('5892309', 'Coupe', 'Toyota', '2022-10-31');
INSERT INTO ActivePlates VALUES ('7O22JEN', '2022-12-28', '5892309');
INSERT INTO Plates VALUES ('7O22JEN', '2022-12-28', '5892309', 1);
INSERT INTO Revisions (plateNumber, revisionDate, outcome, motivation) VALUES ('7O22JEN', '2023-07-31', 'positive', NULL);
INSERT INTO InactivePlates VALUES ('6INJALC', '2022-11-26', '5892309', '2022-12-06');
INSERT INTO Plates VALUES ('6INJALC', '2022-11-26', '5892309', 0);
INSERT INTO Vehicle VALUES ('8734506', 'Truck', 'Ford', '2022-12-05');
INSERT INTO ActivePlates VALUES ('WH7Q95W', '2022-12-28', '8734506');
INSERT INTO Plates VALUES ('WH7Q95W', '2022-12-28', '8734506', 1);
INSERT INTO Vehicle VALUES ('4112328', 'Crossover', 'Porsche', '2022-11-20');
INSERT INTO ActivePlates VALUES ('GBYD07Z', '2023-01-21', '4112328');
INSERT INTO Plates VALUES ('GBYD07Z', '2023-01-21', '4112328', 1);
INSERT INTO Revisions (plateNumber, revisionDate, outcome, motivation) VALUES ('GBYD07Z', '2023-10-25', 'negative', 'Targa associata ad attività criminali');
INSERT INTO InactivePlates VALUES ('96R4WES', '2022-12-16', '4112328', '2023-01-07');
INSERT INTO Plates VALUES ('96R4WES', '2022-12-16', '4112328', 0);
INSERT INTO Revisions (plateNumber, revisionDate, outcome, motivation) VALUES ('96R4WES', '2022-12-22', 'positive', NULL);
INSERT INTO Revisions (plateNumber, revisionDate, outcome, motivation) VALUES ('96R4WES', '2023-01-04', 'negative', 'Modifiche improprie apportate al veicolo');
INSERT INTO Vehicle VALUES ('8664498', 'Hatchback', 'Nissan', '2023-03-15');
INSERT INTO ActivePlates VALUES ('716N40Z', '2023-05-04', '8664498');
INSERT INTO Plates VALUES ('716N40Z', '2023-05-04', '8664498', 1);
INSERT INTO Revisions (plateNumber, revisionDate, outcome, motivation) VALUES ('716N40Z', '2023-05-17', 'positive', NULL);
INSERT INTO Revisions (plateNumber, revisionDate, outcome, motivation) VALUES ('716N40Z', '2024-01-23', 'negative', 'Mancato pagamento di imposte');
INSERT INTO InactivePlates VALUES ('IQ1ZURC', '2023-04-02', '8664498', '2023-04-10');
INSERT INTO Plates VALUES ('IQ1ZURC', '2023-04-02', '8664498', 0);
INSERT INTO Revisions (plateNumber, revisionDate, outcome, motivation) VALUES ('IQ1ZURC', '2023-04-06', 'negative', 'Registrazione scaduta');
INSERT INTO Revisions (plateNumber, revisionDate, outcome, motivation) VALUES ('IQ1ZURC', '2023-04-08', 'positive', NULL);
INSERT INTO Vehicle VALUES ('6203035', 'Truck', 'Jaguar', '2023-03-24');
INSERT INTO InactivePlates VALUES ('H2B95QU', '2023-04-10', '6203035', '2023-12-22');
INSERT INTO Plates VALUES ('H2B95QU', '2023-04-10', '6203035', 0);
INSERT INTO Revisions (plateNumber, revisionDate, outcome, motivation) VALUES ('H2B95QU', '2023-09-13', 'positive', NULL);
INSERT INTO Vehicle VALUES ('3321214', 'Hatchback', 'Lexus', '2023-03-24');
INSERT INTO ActivePlates VALUES ('OZFD9NZ', '2023-06-18', '3321214');
INSERT INTO Plates VALUES ('OZFD9NZ', '2023-06-18', '3321214', 1);
INSERT INTO Revisions (plateNumber, revisionDate, outcome, motivation) VALUES ('OZFD9NZ', '2023-06-23', 'positive', NULL);
INSERT INTO InactivePlates VALUES ('YYRNVYK', '2023-05-12', '3321214', '2023-06-13');
INSERT INTO Plates VALUES ('YYRNVYK', '2023-05-12', '3321214', 0);
INSERT INTO InactivePlates VALUES ('1941ZQ5', '2023-04-06', '3321214', '2023-05-08');
INSERT INTO Plates VALUES ('1941ZQ5', '2023-04-06', '3321214', 0);
INSERT INTO Revisions (plateNumber, revisionDate, outcome, motivation) VALUES ('1941ZQ5', '2023-04-12', 'negative', "Veicolo considerato non sicuro per l'uso su strada");
INSERT INTO Revisions (plateNumber, revisionDate, outcome, motivation) VALUES ('1941ZQ5', '2023-04-12', 'positive', NULL);
INSERT INTO Vehicle VALUES ('9849266', 'Sports Car', 'Volkswagen', '2022-09-20');
INSERT INTO ActivePlates VALUES ('JB8RU8Q', '2022-12-26', '9849266');
INSERT INTO Plates VALUES ('JB8RU8Q', '2022-12-26', '9849266', 1);
INSERT INTO InactivePlates VALUES ('KXKKUKG', '2022-11-08', '9849266', '2022-12-15');
INSERT INTO Plates VALUES ('KXKKUKG', '2022-11-08', '9849266', 0);
INSERT INTO InactivePlates VALUES ('E990U6F', '2022-10-09', '9849266', '2022-10-22');
INSERT INTO Plates VALUES ('E990U6F', '2022-10-09', '9849266', 0);
INSERT INTO Vehicle VALUES ('8635280', 'Hatchback', 'Volvo', '2023-02-05');
INSERT INTO Vehicle VALUES ('0769934', 'Sedan', 'Subaru', '2022-09-17');
INSERT INTO ActivePlates VALUES ('MSE39GW', '2022-12-18', '0769934');
INSERT INTO Plates VALUES ('MSE39GW', '2022-12-18', '0769934', 1);
INSERT INTO InactivePlates VALUES ('Y3Q6VU5', '2022-11-12', '0769934', '2022-11-18');
INSERT INTO Plates VALUES ('Y3Q6VU5', '2022-11-12', '0769934', 0);
INSERT INTO InactivePlates VALUES ('AEXHA3Q', '2022-10-03', '0769934', '2022-10-08');
INSERT INTO Plates VALUES ('AEXHA3Q', '2022-10-03', '0769934', 0);
INSERT INTO Revisions (plateNumber, revisionDate, outcome, motivation) VALUES ('AEXHA3Q', '2022-10-08', 'positive', NULL);
INSERT INTO Revisions (plateNumber, revisionDate, outcome, motivation) VALUES ('AEXHA3Q', '2022-10-04', 'positive', NULL);
INSERT INTO Vehicle VALUES ('4987588', 'Sedan', 'Volkswagen', '2022-09-17');
INSERT INTO Vehicle VALUES ('8855155', 'Truck', 'Tesla', '2023-01-18');
INSERT INTO ActivePlates VALUES ('I612N9U', '2023-03-13', '8855155');
INSERT INTO Plates VALUES ('I612N9U', '2023-03-13', '8855155', 1);
INSERT INTO Revisions (plateNumber, revisionDate, outcome, motivation) VALUES ('I612N9U', '2023-12-05', 'negative', 'Non conformità alle normative');
INSERT INTO InactivePlates VALUES ('ZH8UAK2', '2023-01-29', '8855155', '2023-03-03');
INSERT INTO Plates VALUES ('ZH8UAK2', '2023-01-29', '8855155', 0);
INSERT INTO Revisions (plateNumber, revisionDate, outcome, motivation) VALUES ('ZH8UAK2', '2023-02-04', 'positive', NULL);
INSERT INTO Revisions (plateNumber, revisionDate, outcome, motivation) VALUES ('ZH8UAK2', '2023-02-04', 'positive', NULL);
INSERT INTO Vehicle VALUES ('5165005', 'Hatchback', 'Tesla', '2022-11-28');
INSERT INTO Vehicle VALUES ('1266303', 'Coupe', 'Ferrari', '2023-03-11');
INSERT INTO Vehicle VALUES ('4398798', 'Sports Car', 'Jeep', '2023-03-26');
INSERT INTO ActivePlates VALUES ('8ZR1OFR', '2023-05-11', '4398798');
INSERT INTO Plates VALUES ('8ZR1OFR', '2023-05-11', '4398798', 1);
INSERT INTO InactivePlates VALUES ('566RMIW', '2023-04-10', '4398798', '2023-04-30');
INSERT INTO Plates VALUES ('566RMIW', '2023-04-10', '4398798', 0);
INSERT INTO Revisions (plateNumber, revisionDate, outcome, motivation) VALUES ('566RMIW', '2023-04-15', 'positive', NULL);
INSERT INTO Vehicle VALUES ('8598563', 'Truck', 'Chevrolet', '2023-02-05');
INSERT INTO ActivePlates VALUES ('SFUT4LN', '2023-05-18', '8598563');
INSERT INTO Plates VALUES ('SFUT4LN', '2023-05-18', '8598563', 1);
INSERT INTO Revisions (plateNumber, revisionDate, outcome, motivation) VALUES ('SFUT4LN', '2023-10-22', 'positive', NULL);
INSERT INTO InactivePlates VALUES ('IR56ZO4', '2023-04-14', '8598563', '2023-04-26');
INSERT INTO Plates VALUES ('IR56ZO4', '2023-04-14', '8598563', 0);
INSERT INTO InactivePlates VALUES ('QI0I0ZS', '2023-03-05', '8598563', '2023-03-14');
INSERT INTO Plates VALUES ('QI0I0ZS', '2023-03-05', '8598563', 0);
INSERT INTO Vehicle VALUES ('4121305', 'Sedan', 'Chevrolet', '2022-10-19');
INSERT INTO ActivePlates VALUES ('ZMS6BOZ', '2023-02-11', '4121305');
INSERT INTO Plates VALUES ('ZMS6BOZ', '2023-02-11', '4121305', 1);
INSERT INTO Revisions (plateNumber, revisionDate, outcome, motivation) VALUES ('ZMS6BOZ', '2023-10-01', 'positive', NULL);
INSERT INTO InactivePlates VALUES ('RHCP6K5', '2023-01-06', '4121305', '2023-01-12');
INSERT INTO Plates VALUES ('RHCP6K5', '2023-01-06', '4121305', 0);
INSERT INTO InactivePlates VALUES ('X1YHZBT', '2022-11-17', '4121305', '2022-11-26');
INSERT INTO Plates VALUES ('X1YHZBT', '2022-11-17', '4121305', 0);
INSERT INTO Vehicle VALUES ('5621439', 'Minivan', 'Ford', '2022-10-27');
INSERT INTO Vehicle VALUES ('7326435', 'Truck', 'Toyota', '2022-08-28');
INSERT INTO ActivePlates VALUES ('RE6AHAP', '2022-09-12', '7326435');
INSERT INTO Plates VALUES ('RE6AHAP', '2022-09-12', '7326435', 1);
INSERT INTO Vehicle VALUES ('0523869', 'Convertible', 'Lexus', '2023-01-17');
INSERT INTO ActivePlates VALUES ('P0PE5L8', '2023-03-15', '0523869');
INSERT INTO Plates VALUES ('P0PE5L8', '2023-03-15', '0523869', 1);
INSERT INTO InactivePlates VALUES ('8I02N78', '2023-01-30', '0523869', '2023-02-11');
INSERT INTO Plates VALUES ('8I02N78', '2023-01-30', '0523869', 0);
INSERT INTO Vehicle VALUES ('5649039', 'Hatchback', 'Subaru', '2023-05-20');
INSERT INTO InactivePlates VALUES ('8NJ5TVA', '2023-08-15', '5649039', '2023-12-29');
INSERT INTO Plates VALUES ('8NJ5TVA', '2023-08-15', '5649039', 0);
INSERT INTO Revisions (plateNumber, revisionDate, outcome, motivation) VALUES ('8NJ5TVA', '2023-09-12', 'positive', NULL);
INSERT INTO InactivePlates VALUES ('TBJZU9D', '2023-07-04', '5649039', '2023-07-09');
INSERT INTO Plates VALUES ('TBJZU9D', '2023-07-04', '5649039', 0);
INSERT INTO Revisions (plateNumber, revisionDate, outcome, motivation) VALUES ('TBJZU9D', '2023-07-06', 'positive', NULL);
INSERT INTO InactivePlates VALUES ('CX301M6', '2023-05-31', '5649039', '2023-06-13');
INSERT INTO Plates VALUES ('CX301M6', '2023-05-31', '5649039', 0);
INSERT INTO Revisions (plateNumber, revisionDate, outcome, motivation) VALUES ('CX301M6', '2023-06-10', 'negative', 'Violazione delle normative ambientali');
INSERT INTO Vehicle VALUES ('6543208', 'Coupe', 'Toyota', '2023-05-21');
INSERT INTO ActivePlates VALUES ('M8X134W', '2023-09-07', '6543208');
INSERT INTO Plates VALUES ('M8X134W', '2023-09-07', '6543208', 1);
INSERT INTO Revisions (plateNumber, revisionDate, outcome, motivation) VALUES ('M8X134W', '2024-03-01', 'negative', 'Falsificazione o contraffazione di documenti');
INSERT INTO InactivePlates VALUES ('U484MC1', '2023-07-27', '6543208', '2023-08-24');
INSERT INTO Plates VALUES ('U484MC1', '2023-07-27', '6543208', 0);
INSERT INTO InactivePlates VALUES ('NXQVXOE', '2023-06-11', '6543208', '2023-07-23');
INSERT INTO Plates VALUES ('NXQVXOE', '2023-06-11', '6543208', 0);
INSERT INTO Revisions (plateNumber, revisionDate, outcome, motivation) VALUES ('NXQVXOE', '2023-07-21', 'negative', 'Veicolo coinvolto in incidente');
INSERT INTO Vehicle VALUES ('3731387', 'Hatchback', 'Porsche', '2022-07-13');
INSERT INTO InactivePlates VALUES ('INGT1S6', '2022-08-06', '3731387', '2023-05-13');
INSERT INTO Plates VALUES ('INGT1S6', '2022-08-06', '3731387', 0);
INSERT INTO Revisions (plateNumber, revisionDate, outcome, motivation) VALUES ('INGT1S6', '2022-10-25', 'positive', NULL);
INSERT INTO Vehicle VALUES ('0006359', 'Sedan', 'Ferrari', '2022-09-12');
INSERT INTO InactivePlates VALUES ('HS319DJ', '2022-09-24', '0006359', '2023-01-03');
INSERT INTO Plates VALUES ('HS319DJ', '2022-09-24', '0006359', 0);
INSERT INTO Revisions (plateNumber, revisionDate, outcome, motivation) VALUES ('HS319DJ', '2022-10-13', 'positive', NULL);
INSERT INTO Vehicle VALUES ('9595549', 'Convertible', 'Jeep', '2022-09-27');
INSERT INTO InactivePlates VALUES ('D8CUV73', '2022-10-13', '9595549', '2023-06-10');
INSERT INTO Plates VALUES ('D8CUV73', '2022-10-13', '9595549', 0);
INSERT INTO Revisions (plateNumber, revisionDate, outcome, motivation) VALUES ('D8CUV73', '2023-01-10', 'negative', 'Veicolo coinvolto in incidente');
INSERT INTO Vehicle VALUES ('7468094', 'Hatchback', 'Honda', '2022-11-10');
INSERT INTO InactivePlates VALUES ('PXJIUXP', '2023-02-20', '7468094', '2023-07-03');
INSERT INTO Plates VALUES ('PXJIUXP', '2023-02-20', '7468094', 0);
INSERT INTO Revisions (plateNumber, revisionDate, outcome, motivation) VALUES ('PXJIUXP', '2023-05-24', 'negative', 'Targa persa o rubata');
INSERT INTO InactivePlates VALUES ('DEZ81IU', '2023-01-07', '7468094', '2023-02-14');
INSERT INTO Plates VALUES ('DEZ81IU', '2023-01-07', '7468094', 0);
INSERT INTO Revisions (plateNumber, revisionDate, outcome, motivation) VALUES ('DEZ81IU', '2023-02-13', 'negative', 'Veicolo coinvolto in incidente');
INSERT INTO InactivePlates VALUES ('P5W7DH5', '2022-12-08', '7468094', '2022-12-15');
INSERT INTO Plates VALUES ('P5W7DH5', '2022-12-08', '7468094', 0);
INSERT INTO Revisions (plateNumber, revisionDate, outcome, motivation) VALUES ('P5W7DH5', '2022-12-09', 'positive', NULL);
INSERT INTO Vehicle VALUES ('0889315', 'Crossover', 'Toyota', '2022-09-25');
INSERT INTO InactivePlates VALUES ('Y80EHIR', '2022-11-15', '0889315', '2023-03-28');
INSERT INTO Plates VALUES ('Y80EHIR', '2022-11-15', '0889315', 0);
INSERT INTO Revisions (plateNumber, revisionDate, outcome, motivation) VALUES ('Y80EHIR', '2023-03-28', 'negative', "Scoperte problematiche di sicurezza durante l'ispezione");
INSERT INTO InactivePlates VALUES ('QFFPTT7', '2022-10-16', '0889315', '2022-11-08');
INSERT INTO Plates VALUES ('QFFPTT7', '2022-10-16', '0889315', 0);
INSERT INTO Revisions (plateNumber, revisionDate, outcome, motivation) VALUES ('QFFPTT7', '2022-11-05', 'negative', 'Mancato pagamento di multe o tasse');
INSERT INTO Vehicle VALUES ('5258430', 'Convertible', 'Porsche', '2023-04-27');
INSERT INTO ActivePlates VALUES ('WRVE2G5', '2023-08-09', '5258430');
INSERT INTO Plates VALUES ('WRVE2G5', '2023-08-09', '5258430', 1);
INSERT INTO InactivePlates VALUES ('ZY8QUXQ', '2023-06-30', '5258430', '2023-07-14');
INSERT INTO Plates VALUES ('ZY8QUXQ', '2023-06-30', '5258430', 0);
INSERT INTO Revisions (plateNumber, revisionDate, outcome, motivation) VALUES ('ZY8QUXQ', '2023-07-12', 'positive', NULL);
INSERT INTO Revisions (plateNumber, revisionDate, outcome, motivation) VALUES ('ZY8QUXQ', '2023-07-11', 'positive', NULL);
INSERT INTO InactivePlates VALUES ('I5V5BFC', '2023-05-25', '5258430', '2023-06-11');
INSERT INTO Plates VALUES ('I5V5BFC', '2023-05-25', '5258430', 0);
INSERT INTO Vehicle VALUES ('3236073', 'SUV', 'Ford', '2023-01-30');
INSERT INTO ActivePlates VALUES ('39G83MP', '2023-03-31', '3236073');
INSERT INTO Plates VALUES ('39G83MP', '2023-03-31', '3236073', 1);
INSERT INTO Revisions (plateNumber, revisionDate, outcome, motivation) VALUES ('39G83MP', '2024-01-21', 'positive', NULL);
INSERT INTO InactivePlates VALUES ('LMJHCDV', '2023-02-17', '3236073', '2023-02-27');
INSERT INTO Plates VALUES ('LMJHCDV', '2023-02-17', '3236073', 0);
INSERT INTO Revisions (plateNumber, revisionDate, outcome, motivation) VALUES ('LMJHCDV', '2023-02-19', 'positive', NULL);
INSERT INTO Vehicle VALUES ('9834072', 'Crossover', 'Porsche', '2022-06-21');
INSERT INTO ActivePlates VALUES ('MWTSJQO', '2022-07-16', '9834072');
INSERT INTO Plates VALUES ('MWTSJQO', '2022-07-16', '9834072', 1);
INSERT INTO Revisions (plateNumber, revisionDate, outcome, motivation) VALUES ('MWTSJQO', '2023-12-07', 'negative', 'Modifiche improprie apportate al veicolo');
INSERT INTO Revisions (plateNumber, revisionDate, outcome, motivation) VALUES ('MWTSJQO', '2023-12-20', 'positive', NULL);
INSERT INTO Vehicle VALUES ('2276622', 'Sedan', 'BMW', '2022-12-29');
INSERT INTO ActivePlates VALUES ('BCFZ5BY', '2023-02-19', '2276622');
INSERT INTO Plates VALUES ('BCFZ5BY', '2023-02-19', '2276622', 1);
INSERT INTO Revisions (plateNumber, revisionDate, outcome, motivation) VALUES ('BCFZ5BY', '2023-03-16', 'negative', 'Mancato pagamento di multe o tasse');
INSERT INTO Revisions (plateNumber, revisionDate, outcome, motivation) VALUES ('BCFZ5BY', '2023-10-06', 'negative', 'Veicolo coinvolto in incidente');
INSERT INTO InactivePlates VALUES ('Z2LY8W5', '2023-01-19', '2276622', '2023-01-26');
INSERT INTO Plates VALUES ('Z2LY8W5', '2023-01-19', '2276622', 0);
INSERT INTO Vehicle VALUES ('0382552', 'Crossover', 'Porsche', '2023-03-17');
INSERT INTO ActivePlates VALUES ('K5UOB6Q', '2023-07-07', '0382552');
INSERT INTO Plates VALUES ('K5UOB6Q', '2023-07-07', '0382552', 1);
INSERT INTO Revisions (plateNumber, revisionDate, outcome, motivation) VALUES ('K5UOB6Q', '2024-04-27', 'positive', NULL);
INSERT INTO InactivePlates VALUES ('U0PWICL', '2023-05-24', '0382552', '2023-06-28');
INSERT INTO Plates VALUES ('U0PWICL', '2023-05-24', '0382552', 0);
INSERT INTO InactivePlates VALUES ('FQZ6VIB', '2023-04-11', '0382552', '2023-04-16');
INSERT INTO Plates VALUES ('FQZ6VIB', '2023-04-11', '0382552', 0);
INSERT INTO Vehicle VALUES ('1237729', 'Convertible', 'Volvo', '2022-06-25');
INSERT INTO Vehicle VALUES ('0916323', 'Sedan', 'Kia', '2022-10-06');
INSERT INTO ActivePlates VALUES ('LORA608', '2023-01-12', '0916323');
INSERT INTO Plates VALUES ('LORA608', '2023-01-12', '0916323', 1);
INSERT INTO InactivePlates VALUES ('J4GKB47', '2022-12-02', '0916323', '2022-12-24');
INSERT INTO Plates VALUES ('J4GKB47', '2022-12-02', '0916323', 0);
INSERT INTO Revisions (plateNumber, revisionDate, outcome, motivation) VALUES ('J4GKB47', '2022-12-10', 'positive', NULL);
INSERT INTO InactivePlates VALUES ('GXQN2BZ', '2022-10-25', '0916323', '2022-12-01');
INSERT INTO Plates VALUES ('GXQN2BZ', '2022-10-25', '0916323', 0);
INSERT INTO Vehicle VALUES ('5649460', 'Crossover', 'Audi', '2022-09-14');
INSERT INTO ActivePlates VALUES ('RTFYQTL', '2023-01-04', '5649460');
INSERT INTO Plates VALUES ('RTFYQTL', '2023-01-04', '5649460', 1);
INSERT INTO InactivePlates VALUES ('3J0KWWO', '2022-11-28', '5649460', '2022-12-20');
INSERT INTO Plates VALUES ('3J0KWWO', '2022-11-28', '5649460', 0);
INSERT INTO Revisions (plateNumber, revisionDate, outcome, motivation) VALUES ('3J0KWWO', '2022-12-01', 'negative', 'Falsificazione o contraffazione di documenti');
INSERT INTO InactivePlates VALUES ('OAANJEF', '2022-10-10', '5649460', '2022-10-28');
INSERT INTO Plates VALUES ('OAANJEF', '2022-10-10', '5649460', 0);
INSERT INTO Revisions (plateNumber, revisionDate, outcome, motivation) VALUES ('OAANJEF', '2022-10-21', 'positive', NULL);
INSERT INTO Vehicle VALUES ('3724673', 'Convertible', 'Audi', '2022-08-03');
INSERT INTO ActivePlates VALUES ('BC55MMW', '2022-12-07', '3724673');
INSERT INTO Plates VALUES ('BC55MMW', '2022-12-07', '3724673', 1);
INSERT INTO Revisions (plateNumber, revisionDate, outcome, motivation) VALUES ('BC55MMW', '2023-10-20', 'negative', 'Falsificazione o contraffazione di documenti');
INSERT INTO InactivePlates VALUES ('7LA0ZVU', '2022-10-22', '3724673', '2022-11-09');
INSERT INTO Plates VALUES ('7LA0ZVU', '2022-10-22', '3724673', 0);
INSERT INTO InactivePlates VALUES ('KSKQL8X', '2022-09-02', '3724673', '2022-09-07');
INSERT INTO Plates VALUES ('KSKQL8X', '2022-09-02', '3724673', 0);
INSERT INTO Revisions (plateNumber, revisionDate, outcome, motivation) VALUES ('KSKQL8X', '2022-09-05', 'negative', 'Falsificazione o contraffazione di documenti');
INSERT INTO Vehicle VALUES ('5713435', 'Minivan', 'Jaguar', '2022-06-21');
INSERT INTO InactivePlates VALUES ('LHDF194', '2022-08-31', '5713435', '2022-09-30');
INSERT INTO Plates VALUES ('LHDF194', '2022-08-31', '5713435', 0);
INSERT INTO Revisions (plateNumber, revisionDate, outcome, motivation) VALUES ('LHDF194', '2022-09-20', 'positive', NULL);
INSERT INTO InactivePlates VALUES ('68L8BF5', '2022-07-18', '5713435', '2022-08-20');
INSERT INTO Plates VALUES ('68L8BF5', '2022-07-18', '5713435', 0);
INSERT INTO Revisions (plateNumber, revisionDate, outcome, motivation) VALUES ('68L8BF5', '2022-07-20', 'positive', NULL);
INSERT INTO Vehicle VALUES ('5857730', 'Minivan', 'Jeep', '2022-09-06');
INSERT INTO ActivePlates VALUES ('I9O4IC9', '2022-10-02', '5857730');
INSERT INTO Plates VALUES ('I9O4IC9', '2022-10-02', '5857730', 1);
INSERT INTO Revisions (plateNumber, revisionDate, outcome, motivation) VALUES ('I9O4IC9', '2023-04-12', 'positive', NULL);
INSERT INTO Vehicle VALUES ('8953409', 'SUV', 'Chevrolet', '2022-08-11');
INSERT INTO InactivePlates VALUES ('OM28VO1', '2022-08-27', '8953409', '2024-01-13');
INSERT INTO Plates VALUES ('OM28VO1', '2022-08-27', '8953409', 0);
INSERT INTO Revisions (plateNumber, revisionDate, outcome, motivation) VALUES ('OM28VO1', '2023-08-19', 'negative', 'Targa danneggiata o manomessa');
INSERT INTO Vehicle VALUES ('1814185', 'Sports Car', 'Jaguar', '2022-06-01');
INSERT INTO ActivePlates VALUES ('8RYOM6Y', '2022-06-19', '1814185');
INSERT INTO Plates VALUES ('8RYOM6Y', '2022-06-19', '1814185', 1);
INSERT INTO Vehicle VALUES ('6889288', 'Convertible', 'Ford', '2022-12-21');
INSERT INTO InactivePlates VALUES ('BI4WZPE', '2023-04-10', '6889288', '2023-06-16');
INSERT INTO Plates VALUES ('BI4WZPE', '2023-04-10', '6889288', 0);
INSERT INTO Revisions (plateNumber, revisionDate, outcome, motivation) VALUES ('BI4WZPE', '2023-04-19', 'positive', NULL);
INSERT INTO InactivePlates VALUES ('4K78LO4', '2023-02-22', '6889288', '2023-04-03');
INSERT INTO Plates VALUES ('4K78LO4', '2023-02-22', '6889288', 0);
INSERT INTO Revisions (plateNumber, revisionDate, outcome, motivation) VALUES ('4K78LO4', '2023-03-11', 'negative', 'Veicolo coinvolto in incidente');
INSERT INTO InactivePlates VALUES ('FRXGQFH', '2023-01-08', '6889288', '2023-02-20');
INSERT INTO Plates VALUES ('FRXGQFH', '2023-01-08', '6889288', 0);
INSERT INTO Revisions (plateNumber, revisionDate, outcome, motivation) VALUES ('FRXGQFH', '2023-02-10', 'positive', NULL);
INSERT INTO Vehicle VALUES ('8839807', 'Truck', 'Hyundai', '2022-11-25');
INSERT INTO ActivePlates VALUES ('AWJ110W', '2022-12-10', '8839807');
INSERT INTO Plates VALUES ('AWJ110W', '2022-12-10', '8839807', 1);
INSERT INTO Revisions (plateNumber, revisionDate, outcome, motivation) VALUES ('AWJ110W', '2023-06-11', 'positive', NULL);
INSERT INTO Revisions (plateNumber, revisionDate, outcome, motivation) VALUES ('AWJ110W', '2024-04-02', 'positive', NULL);
INSERT INTO Vehicle VALUES ('1671307', 'Truck', 'Lexus', '2023-02-22');
INSERT INTO ActivePlates VALUES ('VZ9WIT4', '2023-03-04', '1671307');
INSERT INTO Plates VALUES ('VZ9WIT4', '2023-03-04', '1671307', 1);
INSERT INTO Vehicle VALUES ('5879105', 'SUV', 'Mazda', '2022-10-07');
INSERT INTO Vehicle VALUES ('5283804', 'Sedan', 'Jeep', '2022-11-03');
INSERT INTO ActivePlates VALUES ('HRHYFUA', '2022-12-27', '5283804');
INSERT INTO Plates VALUES ('HRHYFUA', '2022-12-27', '5283804', 1);
INSERT INTO Revisions (plateNumber, revisionDate, outcome, motivation) VALUES ('HRHYFUA', '2023-04-13', 'negative', 'Targa danneggiata o manomessa');
INSERT INTO InactivePlates VALUES ('MPSET0N', '2022-11-26', '5283804', '2022-12-08');
INSERT INTO Plates VALUES ('MPSET0N', '2022-11-26', '5283804', 0);
INSERT INTO Vehicle VALUES ('3165563', 'Hatchback', 'Subaru', '2022-10-12');
INSERT INTO InactivePlates VALUES ('SUGHRJP', '2022-11-07', '3165563', '2024-01-23');
INSERT INTO Plates VALUES ('SUGHRJP', '2022-11-07', '3165563', 0);
INSERT INTO Revisions (plateNumber, revisionDate, outcome, motivation) VALUES ('SUGHRJP', '2023-05-12', 'positive', NULL);
INSERT INTO Vehicle VALUES ('4469200', 'Hatchback', 'BMW', '2023-03-10');
INSERT INTO InactivePlates VALUES ('F2PZQU7', '2023-03-29', '4469200', '2023-11-04');
INSERT INTO Plates VALUES ('F2PZQU7', '2023-03-29', '4469200', 0);
INSERT INTO Revisions (plateNumber, revisionDate, outcome, motivation) VALUES ('F2PZQU7', '2023-06-24', 'negative', "Scoperte problematiche di sicurezza durante l'ispezione");
INSERT INTO Vehicle VALUES ('6867558', 'Truck', 'Jaguar', '2023-05-12');
INSERT INTO ActivePlates VALUES ('4IE6N20', '2023-07-14', '6867558');
INSERT INTO Plates VALUES ('4IE6N20', '2023-07-14', '6867558', 1);
INSERT INTO InactivePlates VALUES ('5S0NL2R', '2023-06-03', '6867558', '2023-06-29');
INSERT INTO Plates VALUES ('5S0NL2R', '2023-06-03', '6867558', 0);
INSERT INTO Vehicle VALUES ('5190184', 'Crossover', 'Mercedes-Benz', '2023-01-25');
INSERT INTO InactivePlates VALUES ('KIM1JBW', '2023-04-24', '5190184', '2024-04-18');
INSERT INTO Plates VALUES ('KIM1JBW', '2023-04-24', '5190184', 0);
INSERT INTO Revisions (plateNumber, revisionDate, outcome, motivation) VALUES ('KIM1JBW', '2024-01-02', 'positive', NULL);
INSERT INTO InactivePlates VALUES ('5YGK93N', '2023-03-20', '5190184', '2023-04-19');
INSERT INTO Plates VALUES ('5YGK93N', '2023-03-20', '5190184', 0);
INSERT INTO Revisions (plateNumber, revisionDate, outcome, motivation) VALUES ('5YGK93N', '2023-03-31', 'negative', 'Modifiche illegali apportate al veicolo');
INSERT INTO InactivePlates VALUES ('OEN2YS8', '2023-02-10', '5190184', '2023-03-05');
INSERT INTO Plates VALUES ('OEN2YS8', '2023-02-10', '5190184', 0);
INSERT INTO Revisions (plateNumber, revisionDate, outcome, motivation) VALUES ('OEN2YS8', '2023-02-12', 'positive', NULL);
INSERT INTO Vehicle VALUES ('3170388', 'Hatchback', 'Audi', '2022-12-06');
INSERT INTO ActivePlates VALUES ('M2X51BF', '2023-02-04', '3170388');
INSERT INTO Plates VALUES ('M2X51BF', '2023-02-04', '3170388', 1);
INSERT INTO Revisions (plateNumber, revisionDate, outcome, motivation) VALUES ('M2X51BF', '2024-04-04', 'negative', "Veicolo considerato non sicuro per l'uso su strada");
INSERT INTO Revisions (plateNumber, revisionDate, outcome, motivation) VALUES ('M2X51BF', '2024-02-22', 'positive', NULL);
INSERT INTO InactivePlates VALUES ('77ROOJZ', '2022-12-28', '3170388', '2023-01-22');
INSERT INTO Plates VALUES ('77ROOJZ', '2022-12-28', '3170388', 0);
INSERT INTO Revisions (plateNumber, revisionDate, outcome, motivation) VALUES ('77ROOJZ', '2023-01-08', 'negative', 'Registrazione fraudolenta');
INSERT INTO Vehicle VALUES ('6033080', 'Coupe', 'Hyundai', '2022-08-13');
INSERT INTO InactivePlates VALUES ('LMSNLP3', '2022-10-19', '6033080', '2023-04-12');
INSERT INTO Plates VALUES ('LMSNLP3', '2022-10-19', '6033080', 0);
INSERT INTO Revisions (plateNumber, revisionDate, outcome, motivation) VALUES ('LMSNLP3', '2023-02-14', 'positive', NULL);
INSERT INTO InactivePlates VALUES ('NVYD7E5', '2022-09-02', '6033080', '2022-10-05');
INSERT INTO Plates VALUES ('NVYD7E5', '2022-09-02', '6033080', 0);
INSERT INTO Revisions (plateNumber, revisionDate, outcome, motivation) VALUES ('NVYD7E5', '2022-09-25', 'negative', 'Veicolo coinvolto in incidente');
INSERT INTO Vehicle VALUES ('7798506', 'Crossover', 'Audi', '2022-11-27');
INSERT INTO ActivePlates VALUES ('JZMDQQ1', '2023-03-29', '7798506');
INSERT INTO Plates VALUES ('JZMDQQ1', '2023-03-29', '7798506', 1);
INSERT INTO Revisions (plateNumber, revisionDate, outcome, motivation) VALUES ('JZMDQQ1', '2024-03-16', 'negative', "Veicolo considerato non sicuro per l'uso su strada");
INSERT INTO InactivePlates VALUES ('R9YNABG', '2023-02-13', '7798506', '2023-03-17');
INSERT INTO Plates VALUES ('R9YNABG', '2023-02-13', '7798506', 0);
INSERT INTO InactivePlates VALUES ('ER7L1NS', '2022-12-26', '7798506', '2023-02-09');
INSERT INTO Plates VALUES ('ER7L1NS', '2022-12-26', '7798506', 0);
INSERT INTO Revisions (plateNumber, revisionDate, outcome, motivation) VALUES ('ER7L1NS', '2023-01-01', 'negative', 'Registrazione scaduta');
INSERT INTO Vehicle VALUES ('5407947', 'Convertible', 'Chevrolet', '2022-12-11');
INSERT INTO Vehicle VALUES ('3957421', 'Hatchback', 'Porsche', '2022-11-22');
INSERT INTO Vehicle VALUES ('8769496', 'Crossover', 'Chevrolet', '2023-04-12');
INSERT INTO Vehicle VALUES ('5658503', 'Crossover', 'Hyundai', '2022-07-11');
INSERT INTO ActivePlates VALUES ('0JSJUDI', '2022-08-01', '5658503');
INSERT INTO Plates VALUES ('0JSJUDI', '2022-08-01', '5658503', 1);
INSERT INTO Vehicle VALUES ('5287197', 'Hatchback', 'Lexus', '2022-06-30');
INSERT INTO ActivePlates VALUES ('ZX6Z89M', '2022-07-26', '5287197');
INSERT INTO Plates VALUES ('ZX6Z89M', '2022-07-26', '5287197', 1);
INSERT INTO Revisions (plateNumber, revisionDate, outcome, motivation) VALUES ('ZX6Z89M', '2023-06-09', 'negative', 'Targa persa o rubata');
INSERT INTO Revisions (plateNumber, revisionDate, outcome, motivation) VALUES ('ZX6Z89M', '2022-10-24', 'positive', NULL);
INSERT INTO Vehicle VALUES ('5030706', 'Hatchback', 'Volkswagen', '2022-11-28');
INSERT INTO ActivePlates VALUES ('L9JX5WC', '2022-12-10', '5030706');
INSERT INTO Plates VALUES ('L9JX5WC', '2022-12-10', '5030706', 1);
INSERT INTO Revisions (plateNumber, revisionDate, outcome, motivation) VALUES ('L9JX5WC', '2023-10-05', 'negative', 'Targa danneggiata o manomessa');
INSERT INTO Vehicle VALUES ('6903040', 'Coupe', 'Lexus', '2023-03-11');
INSERT INTO ActivePlates VALUES ('ZHUVQOI', '2023-05-11', '6903040');
INSERT INTO Plates VALUES ('ZHUVQOI', '2023-05-11', '6903040', 1);
INSERT INTO InactivePlates VALUES ('J2B3J0P', '2023-03-28', '6903040', '2023-04-07');
INSERT INTO Plates VALUES ('J2B3J0P', '2023-03-28', '6903040', 0);
INSERT INTO Vehicle VALUES ('6644255', 'Convertible', 'Jeep', '2023-03-17');
INSERT INTO ActivePlates VALUES ('1N3GLPY', '2023-05-06', '6644255');
INSERT INTO Plates VALUES ('1N3GLPY', '2023-05-06', '6644255', 1);
INSERT INTO Revisions (plateNumber, revisionDate, outcome, motivation) VALUES ('1N3GLPY', '2023-08-22', 'negative', 'Modifiche improprie apportate al veicolo');
INSERT INTO InactivePlates VALUES ('QEX472B', '2023-04-06', '6644255', '2023-04-26');
INSERT INTO Plates VALUES ('QEX472B', '2023-04-06', '6644255', 0);
INSERT INTO Revisions (plateNumber, revisionDate, outcome, motivation) VALUES ('QEX472B', '2023-04-14', 'negative', 'Veicolo segnalato come rubato');
INSERT INTO Revisions (plateNumber, revisionDate, outcome, motivation) VALUES ('QEX472B', '2023-04-08', 'positive', NULL);
INSERT INTO Revisions (plateNumber, revisionDate, outcome, motivation) VALUES ('QEX472B', '2023-04-12', 'positive', NULL);
INSERT INTO Vehicle VALUES ('1082039', 'Truck', 'Toyota', '2022-09-05');
INSERT INTO Vehicle VALUES ('2650419', 'Crossover', 'Lexus', '2022-10-14');
INSERT INTO ActivePlates VALUES ('GWO0JDV', '2023-01-18', '2650419');
INSERT INTO Plates VALUES ('GWO0JDV', '2023-01-18', '2650419', 1);
INSERT INTO InactivePlates VALUES ('6EOFHUN', '2022-12-10', '2650419', '2022-12-16');
INSERT INTO Plates VALUES ('6EOFHUN', '2022-12-10', '2650419', 0);
INSERT INTO Revisions (plateNumber, revisionDate, outcome, motivation) VALUES ('6EOFHUN', '2022-12-12', 'positive', NULL);
INSERT INTO InactivePlates VALUES ('P0CXIR1', '2022-10-26', '2650419', '2022-11-29');
INSERT INTO Plates VALUES ('P0CXIR1', '2022-10-26', '2650419', 0);
INSERT INTO Vehicle VALUES ('4993884', 'Convertible', 'Subaru', '2023-04-29');
INSERT INTO ActivePlates VALUES ('P46FV2D', '2023-06-23', '4993884');
INSERT INTO Plates VALUES ('P46FV2D', '2023-06-23', '4993884', 1);
INSERT INTO Revisions (plateNumber, revisionDate, outcome, motivation) VALUES ('P46FV2D', '2024-01-15', 'negative', 'Veicolo coinvolto in incidente');
INSERT INTO InactivePlates VALUES ('S0M6NZO', '2023-05-15', '4993884', '2023-06-16');
INSERT INTO Plates VALUES ('S0M6NZO', '2023-05-15', '4993884', 0);
INSERT INTO Revisions (plateNumber, revisionDate, outcome, motivation) VALUES ('S0M6NZO', '2023-05-19', 'positive', NULL);
INSERT INTO Vehicle VALUES ('8711928', 'SUV', 'Nissan', '2022-06-28');
INSERT INTO Vehicle VALUES ('4481712', 'Convertible', 'BMW', '2022-09-11');
INSERT INTO ActivePlates VALUES ('VGEXLSZ', '2022-10-06', '4481712');
INSERT INTO Plates VALUES ('VGEXLSZ', '2022-10-06', '4481712', 1);
INSERT INTO Revisions (plateNumber, revisionDate, outcome, motivation) VALUES ('VGEXLSZ', '2023-12-21', 'negative', 'Proprietario precedente non ha rivelato problemi');
INSERT INTO Revisions (plateNumber, revisionDate, outcome, motivation) VALUES ('VGEXLSZ', '2022-11-09', 'negative', 'Modifiche improprie apportate al veicolo');
INSERT INTO Vehicle VALUES ('1185172', 'Sports Car', 'Kia', '2022-06-30');
INSERT INTO ActivePlates VALUES ('1BDPJBV', '2022-10-14', '1185172');
INSERT INTO Plates VALUES ('1BDPJBV', '2022-10-14', '1185172', 1);
INSERT INTO Revisions (plateNumber, revisionDate, outcome, motivation) VALUES ('1BDPJBV', '2023-06-14', 'negative', 'Mancato pagamento di multe o tasse');
INSERT INTO Revisions (plateNumber, revisionDate, outcome, motivation) VALUES ('1BDPJBV', '2024-01-15', 'negative', 'Modifiche illegali apportate al veicolo');
INSERT INTO InactivePlates VALUES ('H6CDSV1', '2022-08-31', '1185172', '2022-09-08');
INSERT INTO Plates VALUES ('H6CDSV1', '2022-08-31', '1185172', 0);
INSERT INTO InactivePlates VALUES ('4KYOQLK', '2022-07-22', '1185172', '2022-08-15');
INSERT INTO Plates VALUES ('4KYOQLK', '2022-07-22', '1185172', 0);
INSERT INTO Revisions (plateNumber, revisionDate, outcome, motivation) VALUES ('4KYOQLK', '2022-08-07', 'negative', 'Violazione delle leggi sul traffico');
INSERT INTO Vehicle VALUES ('4173628', 'Coupe', 'Mercedes-Benz', '2022-12-18');
INSERT INTO ActivePlates VALUES ('LPUNXPB', '2022-12-28', '4173628');
INSERT INTO Plates VALUES ('LPUNXPB', '2022-12-28', '4173628', 1);
INSERT INTO Revisions (plateNumber, revisionDate, outcome, motivation) VALUES ('LPUNXPB', '2023-03-17', 'positive', NULL);
INSERT INTO Vehicle VALUES ('1825287', 'Convertible', 'Tesla', '2022-09-30');
INSERT INTO Vehicle VALUES ('2015810', 'Convertible', 'Mazda', '2022-06-28');
INSERT INTO Vehicle VALUES ('2160948', 'Hatchback', 'Tesla', '2022-11-30');
INSERT INTO ActivePlates VALUES ('74E77NG', '2023-03-11', '2160948');
INSERT INTO Plates VALUES ('74E77NG', '2023-03-11', '2160948', 1);
INSERT INTO Revisions (plateNumber, revisionDate, outcome, motivation) VALUES ('74E77NG', '2023-06-15', 'positive', NULL);
INSERT INTO InactivePlates VALUES ('HP79TEC', '2023-02-03', '2160948', '2023-03-10');
INSERT INTO Plates VALUES ('HP79TEC', '2023-02-03', '2160948', 0);
INSERT INTO InactivePlates VALUES ('A43F39I', '2022-12-24', '2160948', '2023-01-25');
INSERT INTO Plates VALUES ('A43F39I', '2022-12-24', '2160948', 0);
INSERT INTO Revisions (plateNumber, revisionDate, outcome, motivation) VALUES ('A43F39I', '2023-01-10', 'negative', 'Registrazione scaduta');
INSERT INTO Revisions (plateNumber, revisionDate, outcome, motivation) VALUES ('A43F39I', '2023-01-08', 'negative', 'Modifiche illegali apportate al veicolo');
INSERT INTO Vehicle VALUES ('5048184', 'Sedan', 'Subaru', '2022-12-24');
INSERT INTO ActivePlates VALUES ('OCPP2W7', '2023-01-07', '5048184');
INSERT INTO Plates VALUES ('OCPP2W7', '2023-01-07', '5048184', 1);
INSERT INTO Vehicle VALUES ('0133368', 'Sports Car', 'Chevrolet', '2022-11-16');
INSERT INTO ActivePlates VALUES ('2L0W3EW', '2023-01-12', '0133368');
INSERT INTO Plates VALUES ('2L0W3EW', '2023-01-12', '0133368', 1);
INSERT INTO InactivePlates VALUES ('UND78L3', '2022-12-01', '0133368', '2022-12-11');
INSERT INTO Plates VALUES ('UND78L3', '2022-12-01', '0133368', 0);
INSERT INTO Vehicle VALUES ('1028450', 'SUV', 'Jeep', '2023-03-04');
INSERT INTO InactivePlates VALUES ('TEQKE62', '2023-06-16', '1028450', '2023-09-29');
INSERT INTO Plates VALUES ('TEQKE62', '2023-06-16', '1028450', 0);
INSERT INTO Revisions (plateNumber, revisionDate, outcome, motivation) VALUES ('TEQKE62', '2023-07-03', 'positive', NULL);
INSERT INTO InactivePlates VALUES ('C5GQ1AR', '2023-05-10', '1028450', '2023-05-29');
INSERT INTO Plates VALUES ('C5GQ1AR', '2023-05-10', '1028450', 0);
INSERT INTO Revisions (plateNumber, revisionDate, outcome, motivation) VALUES ('C5GQ1AR', '2023-05-23', 'negative', 'Registrazione scaduta');
INSERT INTO InactivePlates VALUES ('IMMF113', '2023-04-02', '1028450', '2023-04-12');
INSERT INTO Plates VALUES ('IMMF113', '2023-04-02', '1028450', 0);
INSERT INTO Revisions (plateNumber, revisionDate, outcome, motivation) VALUES ('IMMF113', '2023-04-10', 'positive', NULL);
INSERT INTO Vehicle VALUES ('6346604', 'Coupe', 'Toyota', '2022-11-14');
INSERT INTO InactivePlates VALUES ('VSXMVRF', '2023-02-20', '6346604', '2023-07-08');
INSERT INTO Plates VALUES ('VSXMVRF', '2023-02-20', '6346604', 0);
INSERT INTO Revisions (plateNumber, revisionDate, outcome, motivation) VALUES ('VSXMVRF', '2023-02-24', 'positive', NULL);
INSERT INTO InactivePlates VALUES ('EJRKNDP', '2023-01-08', '6346604', '2023-02-09');
INSERT INTO Plates VALUES ('EJRKNDP', '2023-01-08', '6346604', 0);
INSERT INTO Revisions (plateNumber, revisionDate, outcome, motivation) VALUES ('EJRKNDP', '2023-01-13', 'negative', 'Veicolo coinvolto in incidente');
INSERT INTO InactivePlates VALUES ('DJ2FYPD', '2022-11-29', '6346604', '2022-12-11');
INSERT INTO Plates VALUES ('DJ2FYPD', '2022-11-29', '6346604', 0);
INSERT INTO Revisions (plateNumber, revisionDate, outcome, motivation) VALUES ('DJ2FYPD', '2022-12-02', 'negative', 'Registrazione scaduta');
INSERT INTO Vehicle VALUES ('2560294', 'Coupe', 'Chevrolet', '2023-04-05');
INSERT INTO ActivePlates VALUES ('L60OGI1', '2023-08-01', '2560294');
INSERT INTO Plates VALUES ('L60OGI1', '2023-08-01', '2560294', 1);
INSERT INTO Revisions (plateNumber, revisionDate, outcome, motivation) VALUES ('L60OGI1', '2023-12-06', 'negative', 'Modifiche illegali apportate al veicolo');
INSERT INTO Revisions (plateNumber, revisionDate, outcome, motivation) VALUES ('L60OGI1', '2023-09-15', 'positive', NULL);
INSERT INTO InactivePlates VALUES ('ZVWZUD6', '2023-06-12', '2560294', '2023-06-22');
INSERT INTO Plates VALUES ('ZVWZUD6', '2023-06-12', '2560294', 0);
INSERT INTO Revisions (plateNumber, revisionDate, outcome, motivation) VALUES ('ZVWZUD6', '2023-06-21', 'negative', "Veicolo considerato non sicuro per l'uso su strada");
INSERT INTO InactivePlates VALUES ('FBXN730', '2023-05-04', '2560294', '2023-05-25');
INSERT INTO Plates VALUES ('FBXN730', '2023-05-04', '2560294', 0);
INSERT INTO Revisions (plateNumber, revisionDate, outcome, motivation) VALUES ('FBXN730', '2023-05-23', 'negative', 'Mancato pagamento di multe o tasse');
INSERT INTO Vehicle VALUES ('2658161', 'Hatchback', 'BMW', '2023-03-02');
INSERT INTO InactivePlates VALUES ('TAMXEE0', '2023-05-02', '2658161', '2023-12-19');
INSERT INTO Plates VALUES ('TAMXEE0', '2023-05-02', '2658161', 0);
INSERT INTO Revisions (plateNumber, revisionDate, outcome, motivation) VALUES ('TAMXEE0', '2023-08-26', 'positive', NULL);
INSERT INTO InactivePlates VALUES ('N7N71ZX', '2023-03-21', '2658161', '2023-04-06');
INSERT INTO Plates VALUES ('N7N71ZX', '2023-03-21', '2658161', 0);
INSERT INTO Revisions (plateNumber, revisionDate, outcome, motivation) VALUES ('N7N71ZX', '2023-04-06', 'positive', NULL);
INSERT INTO Vehicle VALUES ('6110095', 'Sedan', 'Audi', '2023-03-02');
INSERT INTO Vehicle VALUES ('2393096', 'SUV', 'Hyundai', '2023-03-16');
INSERT INTO InactivePlates VALUES ('KQP54ES', '2023-05-17', '2393096', '2024-01-30');
INSERT INTO Plates VALUES ('KQP54ES', '2023-05-17', '2393096', 0);
INSERT INTO Revisions (plateNumber, revisionDate, outcome, motivation) VALUES ('KQP54ES', '2023-12-26', 'negative', 'Targa danneggiata o manomessa');
INSERT INTO InactivePlates VALUES ('K8GMJPN', '2023-04-10', '2393096', '2023-04-18');
INSERT INTO Plates VALUES ('K8GMJPN', '2023-04-10', '2393096', 0);
INSERT INTO Revisions (plateNumber, revisionDate, outcome, motivation) VALUES ('K8GMJPN', '2023-04-12', 'positive', NULL);
INSERT INTO Vehicle VALUES ('9340751', 'Minivan', 'Honda', '2022-10-04');
INSERT INTO InactivePlates VALUES ('KS0QFE0', '2022-10-30', '9340751', '2023-05-06');
INSERT INTO Plates VALUES ('KS0QFE0', '2022-10-30', '9340751', 0);
INSERT INTO Revisions (plateNumber, revisionDate, outcome, motivation) VALUES ('KS0QFE0', '2023-02-07', 'negative', 'Non conformità alle normative');
INSERT INTO Vehicle VALUES ('3767416', 'Crossover', 'Audi', '2023-03-25');
INSERT INTO Vehicle VALUES ('0649136', 'Sedan', 'Chevrolet', '2022-12-19');
INSERT INTO InactivePlates VALUES ('8CNHWCB', '2023-02-06', '0649136', '2024-02-13');
INSERT INTO Plates VALUES ('8CNHWCB', '2023-02-06', '0649136', 0);
INSERT INTO Revisions (plateNumber, revisionDate, outcome, motivation) VALUES ('8CNHWCB', '2024-01-09', 'positive', NULL);
INSERT INTO InactivePlates VALUES ('EGJLZ8F', '2023-01-01', '0649136', '2023-02-03');
INSERT INTO Plates VALUES ('EGJLZ8F', '2023-01-01', '0649136', 0);
INSERT INTO Revisions (plateNumber, revisionDate, outcome, motivation) VALUES ('EGJLZ8F', '2023-01-27', 'positive', NULL);
INSERT INTO Vehicle VALUES ('6452712', 'Convertible', 'Chevrolet', '2022-08-10');
INSERT INTO ActivePlates VALUES ('X69BI9W', '2022-08-28', '6452712');
INSERT INTO Plates VALUES ('X69BI9W', '2022-08-28', '6452712', 1);
INSERT INTO Revisions (plateNumber, revisionDate, outcome, motivation) VALUES ('X69BI9W', '2023-09-09', 'positive', NULL);
INSERT INTO Revisions (plateNumber, revisionDate, outcome, motivation) VALUES ('X69BI9W', '2023-12-20', 'positive', NULL);
INSERT INTO Vehicle VALUES ('5124537', 'Convertible', 'Volkswagen', '2022-06-28');
INSERT INTO ActivePlates VALUES ('D9YE13G', '2022-09-09', '5124537');
INSERT INTO Plates VALUES ('D9YE13G', '2022-09-09', '5124537', 1);
INSERT INTO InactivePlates VALUES ('QCL1EC7', '2022-07-25', '5124537', '2022-08-15');
INSERT INTO Plates VALUES ('QCL1EC7', '2022-07-25', '5124537', 0);
INSERT INTO Vehicle VALUES ('7741920', 'Minivan', 'Hyundai', '2022-12-15');
INSERT INTO ActivePlates VALUES ('9O3Z7PB', '2023-01-05', '7741920');
INSERT INTO Plates VALUES ('9O3Z7PB', '2023-01-05', '7741920', 1);
INSERT INTO Revisions (plateNumber, revisionDate, outcome, motivation) VALUES ('9O3Z7PB', '2024-03-12', 'negative', 'Documentazione errata presentata');
INSERT INTO Vehicle VALUES ('9206036', 'SUV', 'Mazda', '2022-12-16');
INSERT INTO ActivePlates VALUES ('VEV940P', '2023-01-02', '9206036');
INSERT INTO Plates VALUES ('VEV940P', '2023-01-02', '9206036', 1);
INSERT INTO Vehicle VALUES ('5118237', 'SUV', 'Jeep', '2023-05-12');
INSERT INTO InactivePlates VALUES ('PJS61X0', '2023-09-06', '5118237', '2024-03-26');
INSERT INTO Plates VALUES ('PJS61X0', '2023-09-06', '5118237', 0);
INSERT INTO Revisions (plateNumber, revisionDate, outcome, motivation) VALUES ('PJS61X0', '2024-03-17', 'negative', 'Modifiche improprie apportate al veicolo');
INSERT INTO InactivePlates VALUES ('M92JBSO', '2023-07-20', '5118237', '2023-08-24');
INSERT INTO Plates VALUES ('M92JBSO', '2023-07-20', '5118237', 0);
INSERT INTO Revisions (plateNumber, revisionDate, outcome, motivation) VALUES ('M92JBSO', '2023-07-21', 'positive', NULL);
INSERT INTO InactivePlates VALUES ('B7QFK3S', '2023-06-11', '5118237', '2023-07-11');
INSERT INTO Plates VALUES ('B7QFK3S', '2023-06-11', '5118237', 0);
INSERT INTO Revisions (plateNumber, revisionDate, outcome, motivation) VALUES ('B7QFK3S', '2023-06-14', 'positive', NULL);
INSERT INTO Vehicle VALUES ('5298368', 'Sedan', 'Hyundai', '2022-06-26');
INSERT INTO Vehicle VALUES ('1425928', 'Minivan', 'Volvo', '2023-04-23');
INSERT INTO InactivePlates VALUES ('I2G1OV6', '2023-05-19', '1425928', '2024-01-06');
INSERT INTO Plates VALUES ('I2G1OV6', '2023-05-19', '1425928', 0);
INSERT INTO Revisions (plateNumber, revisionDate, outcome, motivation) VALUES ('I2G1OV6', '2023-12-29', 'positive', NULL);
INSERT INTO Vehicle VALUES ('3058937', 'Coupe', 'Kia', '2023-04-02');
INSERT INTO InactivePlates VALUES ('J89RDVD', '2023-07-14', '3058937', '2023-12-11');
INSERT INTO Plates VALUES ('J89RDVD', '2023-07-14', '3058937', 0);
INSERT INTO Revisions (plateNumber, revisionDate, outcome, motivation) VALUES ('J89RDVD', '2023-09-26', 'positive', NULL);
INSERT INTO InactivePlates VALUES ('8D3HI0W', '2023-06-06', '3058937', '2023-06-20');
INSERT INTO Plates VALUES ('8D3HI0W', '2023-06-06', '3058937', 0);
INSERT INTO Revisions (plateNumber, revisionDate, outcome, motivation) VALUES ('8D3HI0W', '2023-06-08', 'negative', 'Proprietario precedente non ha rivelato problemi');
INSERT INTO InactivePlates VALUES ('9GFLVN9', '2023-04-17', '3058937', '2023-05-28');
INSERT INTO Plates VALUES ('9GFLVN9', '2023-04-17', '3058937', 0);
INSERT INTO Revisions (plateNumber, revisionDate, outcome, motivation) VALUES ('9GFLVN9', '2023-05-24', 'negative', 'Targa persa o rubata');
INSERT INTO Vehicle VALUES ('9074319', 'Hatchback', 'Jeep', '2022-12-23');
INSERT INTO ActivePlates VALUES ('FHW0AIW', '2023-01-08', '9074319');
INSERT INTO Plates VALUES ('FHW0AIW', '2023-01-08', '9074319', 1);
INSERT INTO Revisions (plateNumber, revisionDate, outcome, motivation) VALUES ('FHW0AIW', '2023-02-24', 'negative', 'Mancato pagamento di multe o tasse');
INSERT INTO Revisions (plateNumber, revisionDate, outcome, motivation) VALUES ('FHW0AIW', '2024-02-19', 'positive', NULL);
INSERT INTO Vehicle VALUES ('6044704', 'Coupe', 'Toyota', '2022-08-09');
INSERT INTO InactivePlates VALUES ('VAEHYFS', '2022-09-03', '6044704', '2023-06-24');
INSERT INTO Plates VALUES ('VAEHYFS', '2022-09-03', '6044704', 0);
INSERT INTO Revisions (plateNumber, revisionDate, outcome, motivation) VALUES ('VAEHYFS', '2023-02-23', 'negative', 'Proprietario precedente non ha rivelato problemi');
INSERT INTO Vehicle VALUES ('1415195', 'Sedan', 'Ferrari', '2023-03-16');
INSERT INTO ActivePlates VALUES ('3FIJYKG', '2023-04-29', '1415195');
INSERT INTO Plates VALUES ('3FIJYKG', '2023-04-29', '1415195', 1);
INSERT INTO Revisions (plateNumber, revisionDate, outcome, motivation) VALUES ('3FIJYKG', '2023-05-03', 'negative', 'Veicolo segnalato come rubato');
INSERT INTO InactivePlates VALUES ('A96MJXS', '2023-03-29', '1415195', '2023-04-08');
INSERT INTO Plates VALUES ('A96MJXS', '2023-03-29', '1415195', 0);
INSERT INTO Revisions (plateNumber, revisionDate, outcome, motivation) VALUES ('A96MJXS', '2023-04-02', 'positive', NULL);
INSERT INTO Revisions (plateNumber, revisionDate, outcome, motivation) VALUES ('A96MJXS', '2023-03-30', 'positive', NULL);
INSERT INTO Vehicle VALUES ('1033540', 'Hatchback', 'Honda', '2022-09-27');
INSERT INTO InactivePlates VALUES ('IOCIBOK', '2023-01-10', '1033540', '2023-10-13');
INSERT INTO Plates VALUES ('IOCIBOK', '2023-01-10', '1033540', 0);
INSERT INTO Revisions (plateNumber, revisionDate, outcome, motivation) VALUES ('IOCIBOK', '2023-09-25', 'negative', 'Proprietario precedente non ha rivelato problemi');
INSERT INTO InactivePlates VALUES ('QY5MJB5', '2022-12-04', '1033540', '2022-12-28');
INSERT INTO Plates VALUES ('QY5MJB5', '2022-12-04', '1033540', 0);
INSERT INTO Revisions (plateNumber, revisionDate, outcome, motivation) VALUES ('QY5MJB5', '2022-12-26', 'positive', NULL);
INSERT INTO InactivePlates VALUES ('CHWZVGR', '2022-10-16', '1033540', '2022-11-11');
INSERT INTO Plates VALUES ('CHWZVGR', '2022-10-16', '1033540', 0);
INSERT INTO Revisions (plateNumber, revisionDate, outcome, motivation) VALUES ('CHWZVGR', '2022-10-23', 'negative', 'Veicolo non superato il test delle emissioni');
INSERT INTO Vehicle VALUES ('9501142', 'Crossover', 'Volkswagen', '2023-04-02');
INSERT INTO ActivePlates VALUES ('VBIB5UP', '2023-06-01', '9501142');
INSERT INTO Plates VALUES ('VBIB5UP', '2023-06-01', '9501142', 1);
INSERT INTO InactivePlates VALUES ('KRNQ5BZ', '2023-04-27', '9501142', '2023-05-10');
INSERT INTO Plates VALUES ('KRNQ5BZ', '2023-04-27', '9501142', 0);
INSERT INTO Revisions (plateNumber, revisionDate, outcome, motivation) VALUES ('KRNQ5BZ', '2023-05-09', 'positive', NULL);
INSERT INTO Vehicle VALUES ('9857814', 'SUV', 'Ferrari', '2022-12-08');
INSERT INTO ActivePlates VALUES ('9F83EG6', '2022-12-27', '9857814');
INSERT INTO Plates VALUES ('9F83EG6', '2022-12-27', '9857814', 1);
INSERT INTO Vehicle VALUES ('0633309', 'Truck', 'Audi', '2023-02-09');
INSERT INTO ActivePlates VALUES ('HOSBEMP', '2023-04-07', '0633309');
INSERT INTO Plates VALUES ('HOSBEMP', '2023-04-07', '0633309', 1);
INSERT INTO Revisions (plateNumber, revisionDate, outcome, motivation) VALUES ('HOSBEMP', '2023-09-25', 'positive', NULL);
INSERT INTO Revisions (plateNumber, revisionDate, outcome, motivation) VALUES ('HOSBEMP', '2024-04-26', 'positive', NULL);
INSERT INTO InactivePlates VALUES ('84ZEW3O', '2023-02-20', '0633309', '2023-03-12');
INSERT INTO Plates VALUES ('84ZEW3O', '2023-02-20', '0633309', 0);
INSERT INTO Revisions (plateNumber, revisionDate, outcome, motivation) VALUES ('84ZEW3O', '2023-02-26', 'negative', 'Veicolo segnalato come rubato');
INSERT INTO Vehicle VALUES ('6219130', 'Sports Car', 'Mazda', '2022-09-12');
INSERT INTO ActivePlates VALUES ('LQNLQYG', '2022-11-20', '6219130');
INSERT INTO Plates VALUES ('LQNLQYG', '2022-11-20', '6219130', 1);
INSERT INTO Revisions (plateNumber, revisionDate, outcome, motivation) VALUES ('LQNLQYG', '2023-11-29', 'negative', 'Mancato pagamento di imposte');
INSERT INTO InactivePlates VALUES ('HDAKFAU', '2022-10-02', '6219130', '2022-10-13');
INSERT INTO Plates VALUES ('HDAKFAU', '2022-10-02', '6219130', 0);
INSERT INTO Vehicle VALUES ('9264716', 'Convertible', 'Nissan', '2022-10-14');
INSERT INTO ActivePlates VALUES ('JEEJSR5', '2022-12-04', '9264716');
INSERT INTO Plates VALUES ('JEEJSR5', '2022-12-04', '9264716', 1);
INSERT INTO Revisions (plateNumber, revisionDate, outcome, motivation) VALUES ('JEEJSR5', '2023-10-28', 'positive', NULL);
INSERT INTO Revisions (plateNumber, revisionDate, outcome, motivation) VALUES ('JEEJSR5', '2024-02-06', 'negative', 'Targa associata ad attività criminali');
INSERT INTO InactivePlates VALUES ('53Y693P', '2022-10-29', '9264716', '2022-11-29');
INSERT INTO Plates VALUES ('53Y693P', '2022-10-29', '9264716', 0);
INSERT INTO Revisions (plateNumber, revisionDate, outcome, motivation) VALUES ('53Y693P', '2022-10-31', 'negative', 'Targa associata ad attività criminali');
