CREATE TABLE IF NOT EXISTS Vehicle (
                    number VARCHAR(7) PRIMARY KEY,
                    model VARCHAR(20),
                    brand VARCHAR(20),
                    prodDate DATE);
CREATE TABLE IF NOT EXISTS ActivePlates (
                    number VARCHAR(7) PRIMARY KEY,
                    emissionDate DATE,
                    vehicleNumber VARCHAR(7),
                    FOREIGN KEY(vehicleNumber) REFERENCES Vehicle(number));
CREATE TABLE IF NOT EXISTS InactivePlates (
                    number VARCHAR(7) PRIMARY KEY,
                    emissionDate DATE,
                    vehicleNumber VARCHAR(7),
                    resDate DATE,
                    FOREIGN KEY(vehicleNumber) REFERENCES Vehicle(number));
CREATE TABLE IF NOT EXISTS Plates (
                    number VARCHAR(7) PRIMARY KEY,
                    emissionDate DATE,
                    vehicleNumber VARCHAR(7),
                    active BOOLEAN,
                    FOREIGN KEY(vehicleNumber) REFERENCES Vehicle(number));
CREATE TABLE IF NOT EXISTS Revisions (
                    id INT AUTO_INCREMENT PRIMARY KEY,
                    plateNumber VARCHAR(7),
                    revisionDate DATE,
                    outcome VARCHAR(10),
                    motivation TEXT,
                    FOREIGN KEY(plateNumber) REFERENCES Plates(number));
INSERT INTO Vehicle VALUES ('8990257', 'Sports Car', 'Chevrolet', '2022-12-18');
INSERT INTO ActivePlates VALUES ('GR293BC', '2023-03-28', '8990257');
INSERT INTO Plates VALUES ('GR293BC', '2023-03-28', '8990257', 1);
INSERT INTO InactivePlates VALUES ('JE579GK', '2023-02-18', '8990257', '2023-03-05');
INSERT INTO Plates VALUES ('JE579GK', '2023-02-18', '8990257', 0);
INSERT INTO InactivePlates VALUES ('CV266NW', '2023-01-06', '8990257', '2023-02-06');
INSERT INTO Plates VALUES ('CV266NW', '2023-01-06', '8990257', 0);
INSERT INTO Revisions (plateNumber, revisionDate, outcome, motivation) VALUES ('CV266NW', '2023-01-09', 'positive', NULL);
INSERT INTO Revisions (plateNumber, revisionDate, outcome, motivation) VALUES ('CV266NW', '2023-01-21', 'positive', NULL);
INSERT INTO Vehicle VALUES ('1659730', 'Sports Car', 'Mazda', '2022-08-10');
INSERT INTO ActivePlates VALUES ('DR519OI', '2022-11-27', '1659730');
INSERT INTO Plates VALUES ('DR519OI', '2022-11-27', '1659730', 1);
INSERT INTO InactivePlates VALUES ('KV469SO', '2022-10-26', '1659730', '2022-10-31');
INSERT INTO Plates VALUES ('KV469SO', '2022-10-26', '1659730', 0);
INSERT INTO Revisions (plateNumber, revisionDate, outcome, motivation) VALUES ('KV469SO', '2022-10-31', 'negative', 'Veicolo non superato il test delle emissioni');
INSERT INTO InactivePlates VALUES ('YQ341RM', '2022-09-09', '1659730', '2022-10-23');
INSERT INTO Plates VALUES ('YQ341RM', '2022-09-09', '1659730', 0);
INSERT INTO Revisions (plateNumber, revisionDate, outcome, motivation) VALUES ('YQ341RM', '2022-10-23', 'negative', 'Documentazione errata presentata');
INSERT INTO Revisions (plateNumber, revisionDate, outcome, motivation) VALUES ('YQ341RM', '2022-10-04', 'negative', 'Mancato pagamento di imposte');
INSERT INTO Revisions (plateNumber, revisionDate, outcome, motivation) VALUES ('YQ341RM', '2022-10-03', 'negative', 'Veicolo segnalato come rubato');
INSERT INTO Vehicle VALUES ('2364030', 'Crossover', 'Volvo', '2023-02-04');
INSERT INTO ActivePlates VALUES ('LI196GO', '2023-04-30', '2364030');
INSERT INTO Plates VALUES ('LI196GO', '2023-04-30', '2364030', 1);
INSERT INTO Revisions (plateNumber, revisionDate, outcome, motivation) VALUES ('LI196GO', '2024-04-20', 'positive', NULL);
INSERT INTO InactivePlates VALUES ('ZF403IZ', '2023-03-20', '2364030', '2023-03-30');
INSERT INTO Plates VALUES ('ZF403IZ', '2023-03-20', '2364030', 0);
INSERT INTO InactivePlates VALUES ('KX340MB', '2023-02-16', '2364030', '2023-03-04');
INSERT INTO Plates VALUES ('KX340MB', '2023-02-16', '2364030', 0);
INSERT INTO Revisions (plateNumber, revisionDate, outcome, motivation) VALUES ('KX340MB', '2023-03-03', 'positive', NULL);
INSERT INTO Vehicle VALUES ('1706189', 'Convertible', 'Toyota', '2022-09-19');
INSERT INTO ActivePlates VALUES ('OZ457LQ', '2022-11-20', '1706189');
INSERT INTO Plates VALUES ('OZ457LQ', '2022-11-20', '1706189', 1);
INSERT INTO Revisions (plateNumber, revisionDate, outcome, motivation) VALUES ('OZ457LQ', '2024-03-09', 'positive', NULL);
INSERT INTO InactivePlates VALUES ('BN199KJ', '2022-10-19', '1706189', '2022-11-12');
INSERT INTO Plates VALUES ('BN199KJ', '2022-10-19', '1706189', 0);
INSERT INTO Vehicle VALUES ('4580077', 'SUV', 'Tesla', '2022-10-30');
INSERT INTO ActivePlates VALUES ('NC185NW', '2023-01-11', '4580077');
INSERT INTO Plates VALUES ('NC185NW', '2023-01-11', '4580077', 1);
INSERT INTO InactivePlates VALUES ('AN247ZY', '2022-11-28', '4580077', '2023-01-04');
INSERT INTO Plates VALUES ('AN247ZY', '2022-11-28', '4580077', 0);
INSERT INTO Vehicle VALUES ('7510098', 'Truck', 'Chevrolet', '2023-05-02');
INSERT INTO InactivePlates VALUES ('CM619VH', '2023-07-01', '7510098', '2024-05-17');
INSERT INTO Plates VALUES ('CM619VH', '2023-07-01', '7510098', 0);
INSERT INTO Revisions (plateNumber, revisionDate, outcome, motivation) VALUES ('CM619VH', '2024-03-31', 'positive', NULL);
INSERT INTO InactivePlates VALUES ('XZ701FK', '2023-05-23', '7510098', '2023-06-02');
INSERT INTO Plates VALUES ('XZ701FK', '2023-05-23', '7510098', 0);
INSERT INTO Revisions (plateNumber, revisionDate, outcome, motivation) VALUES ('XZ701FK', '2023-05-30', 'negative', 'Registrazione fraudolenta');
INSERT INTO Vehicle VALUES ('6025593', 'Coupe', 'Jaguar', '2023-03-10');
INSERT INTO InactivePlates VALUES ('LC635US', '2023-06-19', '6025593', '2024-03-02');
INSERT INTO Plates VALUES ('LC635US', '2023-06-19', '6025593', 0);
INSERT INTO Revisions (plateNumber, revisionDate, outcome, motivation) VALUES ('LC635US', '2023-11-28', 'positive', NULL);
INSERT INTO InactivePlates VALUES ('ME718TA', '2023-05-04', '6025593', '2023-05-30');
INSERT INTO Plates VALUES ('ME718TA', '2023-05-04', '6025593', 0);
INSERT INTO Revisions (plateNumber, revisionDate, outcome, motivation) VALUES ('ME718TA', '2023-05-18', 'negative', 'Documentazione errata presentata');
INSERT INTO InactivePlates VALUES ('HI900YJ', '2023-04-03', '6025593', '2023-04-17');
INSERT INTO Plates VALUES ('HI900YJ', '2023-04-03', '6025593', 0);
INSERT INTO Revisions (plateNumber, revisionDate, outcome, motivation) VALUES ('HI900YJ', '2023-04-17', 'negative', 'Modifiche illegali apportate al veicolo');
INSERT INTO Vehicle VALUES ('4706868', 'Coupe', 'Tesla', '2023-01-19');
INSERT INTO Vehicle VALUES ('3841020', 'Truck', 'Chevrolet', '2022-12-28');
INSERT INTO ActivePlates VALUES ('FM549AA', '2023-01-23', '3841020');
INSERT INTO Plates VALUES ('FM549AA', '2023-01-23', '3841020', 1);
INSERT INTO Revisions (plateNumber, revisionDate, outcome, motivation) VALUES ('FM549AA', '2023-02-16', 'negative', 'Targa associata ad attività criminali');
INSERT INTO Vehicle VALUES ('5967384', 'Sedan', 'Porsche', '2022-08-12');
INSERT INTO InactivePlates VALUES ('TG360IT', '2022-11-07', '5967384', '2023-07-31');
INSERT INTO Plates VALUES ('TG360IT', '2022-11-07', '5967384', 0);
INSERT INTO Revisions (plateNumber, revisionDate, outcome, motivation) VALUES ('TG360IT', '2023-03-07', 'positive', NULL);
INSERT INTO InactivePlates VALUES ('SR016CK', '2022-10-04', '5967384', '2022-10-20');
INSERT INTO Plates VALUES ('SR016CK', '2022-10-04', '5967384', 0);
INSERT INTO Revisions (plateNumber, revisionDate, outcome, motivation) VALUES ('SR016CK', '2022-10-16', 'positive', NULL);
INSERT INTO InactivePlates VALUES ('RF095RH', '2022-09-02', '5967384', '2022-09-14');
INSERT INTO Plates VALUES ('RF095RH', '2022-09-02', '5967384', 0);
INSERT INTO Revisions (plateNumber, revisionDate, outcome, motivation) VALUES ('RF095RH', '2022-09-10', 'negative', 'Targa persa o rubata');
INSERT INTO Vehicle VALUES ('1544920', 'Coupe', 'Tesla', '2022-12-23');
INSERT INTO InactivePlates VALUES ('RW622TR', '2023-02-26', '1544920', '2024-01-20');
INSERT INTO Plates VALUES ('RW622TR', '2023-02-26', '1544920', 0);
INSERT INTO Revisions (plateNumber, revisionDate, outcome, motivation) VALUES ('RW622TR', '2023-08-05', 'positive', NULL);
INSERT INTO InactivePlates VALUES ('HK219HN', '2023-01-19', '1544920', '2023-02-21');
INSERT INTO Plates VALUES ('HK219HN', '2023-01-19', '1544920', 0);
INSERT INTO Revisions (plateNumber, revisionDate, outcome, motivation) VALUES ('HK219HN', '2023-02-18', 'positive', NULL);
INSERT INTO Vehicle VALUES ('3433542', 'SUV', 'Kia', '2023-03-05');
INSERT INTO Vehicle VALUES ('1391737', 'Hatchback', 'Mercedes-Benz', '2022-07-24');
INSERT INTO Vehicle VALUES ('5713451', 'Minivan', 'Toyota', '2023-04-18');
INSERT INTO Vehicle VALUES ('3501830', 'Sedan', 'Mercedes-Benz', '2023-04-23');
INSERT INTO ActivePlates VALUES ('HG005WU', '2023-07-31', '3501830');
INSERT INTO Plates VALUES ('HG005WU', '2023-07-31', '3501830', 1);
INSERT INTO InactivePlates VALUES ('RU166KP', '2023-06-25', '3501830', '2023-07-17');
INSERT INTO Plates VALUES ('RU166KP', '2023-06-25', '3501830', 0);
INSERT INTO Revisions (plateNumber, revisionDate, outcome, motivation) VALUES ('RU166KP', '2023-06-28', 'negative', "Veicolo considerato non sicuro per l'uso su strada");
INSERT INTO InactivePlates VALUES ('VX457ES', '2023-05-09', '3501830', '2023-05-18');
INSERT INTO Plates VALUES ('VX457ES', '2023-05-09', '3501830', 0);
INSERT INTO Revisions (plateNumber, revisionDate, outcome, motivation) VALUES ('VX457ES', '2023-05-15', 'positive', NULL);
INSERT INTO Vehicle VALUES ('9366492', 'Coupe', 'Audi', '2023-02-07');
INSERT INTO Vehicle VALUES ('5568372', 'SUV', 'Mazda', '2022-11-23');
INSERT INTO ActivePlates VALUES ('OR781PR', '2023-02-23', '5568372');
INSERT INTO Plates VALUES ('OR781PR', '2023-02-23', '5568372', 1);
INSERT INTO InactivePlates VALUES ('ZM615RQ', '2023-01-16', '5568372', '2023-02-10');
INSERT INTO Plates VALUES ('ZM615RQ', '2023-01-16', '5568372', 0);
INSERT INTO Revisions (plateNumber, revisionDate, outcome, motivation) VALUES ('ZM615RQ', '2023-02-10', 'positive', NULL);
INSERT INTO InactivePlates VALUES ('YI265IB', '2022-12-09', '5568372', '2022-12-17');
INSERT INTO Plates VALUES ('YI265IB', '2022-12-09', '5568372', 0);
INSERT INTO Revisions (plateNumber, revisionDate, outcome, motivation) VALUES ('YI265IB', '2022-12-11', 'positive', NULL);
INSERT INTO Revisions (plateNumber, revisionDate, outcome, motivation) VALUES ('YI265IB', '2022-12-15', 'positive', NULL);
INSERT INTO Vehicle VALUES ('1195784', 'Convertible', 'Volkswagen', '2022-08-04');
INSERT INTO Vehicle VALUES ('2984804', 'Sedan', 'Jeep', '2022-06-09');
INSERT INTO ActivePlates VALUES ('RX590NG', '2022-08-09', '2984804');
INSERT INTO Plates VALUES ('RX590NG', '2022-08-09', '2984804', 1);
INSERT INTO Revisions (plateNumber, revisionDate, outcome, motivation) VALUES ('RX590NG', '2022-10-23', 'positive', NULL);
INSERT INTO InactivePlates VALUES ('WS414DB', '2022-07-03', '2984804', '2022-07-23');
INSERT INTO Plates VALUES ('WS414DB', '2022-07-03', '2984804', 0);
INSERT INTO Revisions (plateNumber, revisionDate, outcome, motivation) VALUES ('WS414DB', '2022-07-12', 'positive', NULL);
INSERT INTO Revisions (plateNumber, revisionDate, outcome, motivation) VALUES ('WS414DB', '2022-07-22', 'positive', NULL);
INSERT INTO Vehicle VALUES ('4612966', 'Sedan', 'Ford', '2022-06-05');
INSERT INTO Vehicle VALUES ('2402403', 'Hatchback', 'Porsche', '2022-09-07');
INSERT INTO ActivePlates VALUES ('YB007AL', '2022-11-04', '2402403');
INSERT INTO Plates VALUES ('YB007AL', '2022-11-04', '2402403', 1);
INSERT INTO InactivePlates VALUES ('KZ597OV', '2022-10-02', '2402403', '2022-10-18');
INSERT INTO Plates VALUES ('KZ597OV', '2022-10-02', '2402403', 0);
INSERT INTO Revisions (plateNumber, revisionDate, outcome, motivation) VALUES ('KZ597OV', '2022-10-05', 'negative', 'Proprietario precedente non ha rivelato problemi');
INSERT INTO Vehicle VALUES ('3234810', 'Sports Car', 'Volvo', '2022-08-11');
INSERT INTO Vehicle VALUES ('1749409', 'Sports Car', 'Toyota', '2023-02-27');
INSERT INTO Vehicle VALUES ('0646599', 'Coupe', 'Toyota', '2022-08-31');
INSERT INTO InactivePlates VALUES ('GI166VD', '2022-09-17', '0646599', '2022-10-16');
INSERT INTO Plates VALUES ('GI166VD', '2022-09-17', '0646599', 0);
INSERT INTO Revisions (plateNumber, revisionDate, outcome, motivation) VALUES ('GI166VD', '2022-10-09', 'positive', NULL);
INSERT INTO Vehicle VALUES ('2937484', 'Coupe', 'Volkswagen', '2022-10-03');
INSERT INTO InactivePlates VALUES ('ZU379KO', '2023-01-07', '2937484', '2023-12-27');
INSERT INTO Plates VALUES ('ZU379KO', '2023-01-07', '2937484', 0);
INSERT INTO Revisions (plateNumber, revisionDate, outcome, motivation) VALUES ('ZU379KO', '2023-01-25', 'positive', NULL);
INSERT INTO InactivePlates VALUES ('XN264AG', '2022-11-18', '2937484', '2022-12-09');
INSERT INTO Plates VALUES ('XN264AG', '2022-11-18', '2937484', 0);
INSERT INTO Revisions (plateNumber, revisionDate, outcome, motivation) VALUES ('XN264AG', '2022-11-25', 'positive', NULL);
INSERT INTO InactivePlates VALUES ('ZZ833EX', '2022-10-16', '2937484', '2022-11-15');
INSERT INTO Plates VALUES ('ZZ833EX', '2022-10-16', '2937484', 0);
INSERT INTO Revisions (plateNumber, revisionDate, outcome, motivation) VALUES ('ZZ833EX', '2022-11-10', 'positive', NULL);
INSERT INTO Vehicle VALUES ('9608948', 'Sports Car', 'Kia', '2022-08-11');
INSERT INTO Vehicle VALUES ('1745984', 'Crossover', 'Audi', '2022-06-04');
INSERT INTO InactivePlates VALUES ('JX388WU', '2022-06-21', '1745984', '2022-12-11');
INSERT INTO Plates VALUES ('JX388WU', '2022-06-21', '1745984', 0);
INSERT INTO Revisions (plateNumber, revisionDate, outcome, motivation) VALUES ('JX388WU', '2022-08-26', 'negative', 'Veicolo non superato il test delle emissioni');
INSERT INTO Vehicle VALUES ('1609488', 'Crossover', 'Chevrolet', '2022-08-19');
INSERT INTO InactivePlates VALUES ('EX972BV', '2022-09-18', '1609488', '2023-12-09');
INSERT INTO Plates VALUES ('EX972BV', '2022-09-18', '1609488', 0);
INSERT INTO Revisions (plateNumber, revisionDate, outcome, motivation) VALUES ('EX972BV', '2023-08-20', 'positive', NULL);
INSERT INTO Vehicle VALUES ('4125548', 'Minivan', 'Ferrari', '2022-09-13');
INSERT INTO ActivePlates VALUES ('IY571CL', '2022-12-26', '4125548');
INSERT INTO Plates VALUES ('IY571CL', '2022-12-26', '4125548', 1);
INSERT INTO InactivePlates VALUES ('AV398KV', '2022-11-12', '4125548', '2022-11-17');
INSERT INTO Plates VALUES ('AV398KV', '2022-11-12', '4125548', 0);
INSERT INTO InactivePlates VALUES ('SQ525AT', '2022-10-10', '4125548', '2022-10-28');
INSERT INTO Plates VALUES ('SQ525AT', '2022-10-10', '4125548', 0);
INSERT INTO Revisions (plateNumber, revisionDate, outcome, motivation) VALUES ('SQ525AT', '2022-10-27', 'negative', "Scoperte problematiche di sicurezza durante l'ispezione");
INSERT INTO Revisions (plateNumber, revisionDate, outcome, motivation) VALUES ('SQ525AT', '2022-10-21', 'positive', NULL);
INSERT INTO Vehicle VALUES ('2675501', 'Coupe', 'Chevrolet', '2022-10-24');
INSERT INTO ActivePlates VALUES ('VK102BP', '2022-12-13', '2675501');
INSERT INTO Plates VALUES ('VK102BP', '2022-12-13', '2675501', 1);
INSERT INTO Revisions (plateNumber, revisionDate, outcome, motivation) VALUES ('VK102BP', '2023-08-13', 'positive', NULL);
INSERT INTO Revisions (plateNumber, revisionDate, outcome, motivation) VALUES ('VK102BP', '2023-05-24', 'positive', NULL);
INSERT INTO InactivePlates VALUES ('DJ332FS', '2022-11-09', '2675501', '2022-12-10');
INSERT INTO Plates VALUES ('DJ332FS', '2022-11-09', '2675501', 0);
INSERT INTO Revisions (plateNumber, revisionDate, outcome, motivation) VALUES ('DJ332FS', '2022-11-26', 'negative', 'Modifiche improprie apportate al veicolo');
INSERT INTO Vehicle VALUES ('0300506', 'Minivan', 'Kia', '2022-09-16');
INSERT INTO InactivePlates VALUES ('XR821VH', '2023-01-08', '0300506', '2024-05-05');
INSERT INTO Plates VALUES ('XR821VH', '2023-01-08', '0300506', 0);
INSERT INTO Revisions (plateNumber, revisionDate, outcome, motivation) VALUES ('XR821VH', '2023-07-15', 'negative', 'Falsificazione o contraffazione di documenti');
INSERT INTO InactivePlates VALUES ('CJ122AV', '2022-11-29', '0300506', '2022-12-20');
INSERT INTO Plates VALUES ('CJ122AV', '2022-11-29', '0300506', 0);
INSERT INTO Revisions (plateNumber, revisionDate, outcome, motivation) VALUES ('CJ122AV', '2022-12-11', 'negative', 'Targa persa o rubata');
INSERT INTO InactivePlates VALUES ('ZE375GR', '2022-10-12', '0300506', '2022-11-25');
INSERT INTO Plates VALUES ('ZE375GR', '2022-10-12', '0300506', 0);
INSERT INTO Revisions (plateNumber, revisionDate, outcome, motivation) VALUES ('ZE375GR', '2022-11-05', 'negative', 'Violazione delle leggi sul traffico');
INSERT INTO Vehicle VALUES ('8970358', 'Sports Car', 'Jeep', '2023-03-01');
INSERT INTO ActivePlates VALUES ('MQ373MN', '2023-04-27', '8970358');
INSERT INTO Plates VALUES ('MQ373MN', '2023-04-27', '8970358', 1);
INSERT INTO Revisions (plateNumber, revisionDate, outcome, motivation) VALUES ('MQ373MN', '2023-06-16', 'positive', NULL);
INSERT INTO Revisions (plateNumber, revisionDate, outcome, motivation) VALUES ('MQ373MN', '2023-10-25', 'negative', 'Mancato pagamento di imposte');
INSERT INTO InactivePlates VALUES ('RK426KP', '2023-03-19', '8970358', '2023-04-06');
INSERT INTO Plates VALUES ('RK426KP', '2023-03-19', '8970358', 0);
INSERT INTO Vehicle VALUES ('6002746', 'Sports Car', 'BMW', '2023-05-16');
INSERT INTO ActivePlates VALUES ('KA405PO', '2023-07-10', '6002746');
INSERT INTO Plates VALUES ('KA405PO', '2023-07-10', '6002746', 1);
INSERT INTO Revisions (plateNumber, revisionDate, outcome, motivation) VALUES ('KA405PO', '2023-09-21', 'positive', NULL);
INSERT INTO InactivePlates VALUES ('OG249NT', '2023-06-04', '6002746', '2023-06-21');
INSERT INTO Plates VALUES ('OG249NT', '2023-06-04', '6002746', 0);
INSERT INTO Revisions (plateNumber, revisionDate, outcome, motivation) VALUES ('OG249NT', '2023-06-15', 'positive', NULL);
INSERT INTO Revisions (plateNumber, revisionDate, outcome, motivation) VALUES ('OG249NT', '2023-06-11', 'negative', 'Targa persa o rubata');
INSERT INTO Vehicle VALUES ('8645697', 'Crossover', 'BMW', '2022-08-11');
INSERT INTO Vehicle VALUES ('1728492', 'Sedan', 'Chevrolet', '2022-07-09');
INSERT INTO InactivePlates VALUES ('GT902KW', '2022-09-06', '1728492', '2023-12-15');
INSERT INTO Plates VALUES ('GT902KW', '2022-09-06', '1728492', 0);
INSERT INTO Revisions (plateNumber, revisionDate, outcome, motivation) VALUES ('GT902KW', '2023-01-09', 'positive', NULL);
INSERT INTO InactivePlates VALUES ('DU592KB', '2022-08-04', '1728492', '2022-08-25');
INSERT INTO Plates VALUES ('DU592KB', '2022-08-04', '1728492', 0);
INSERT INTO Revisions (plateNumber, revisionDate, outcome, motivation) VALUES ('DU592KB', '2022-08-23', 'positive', NULL);
INSERT INTO Vehicle VALUES ('4527919', 'Minivan', 'Jaguar', '2023-03-20');
INSERT INTO ActivePlates VALUES ('BX156ON', '2023-06-20', '4527919');
INSERT INTO Plates VALUES ('BX156ON', '2023-06-20', '4527919', 1);
INSERT INTO InactivePlates VALUES ('RJ905GJ', '2023-05-07', '4527919', '2023-05-31');
INSERT INTO Plates VALUES ('RJ905GJ', '2023-05-07', '4527919', 0);
INSERT INTO Revisions (plateNumber, revisionDate, outcome, motivation) VALUES ('RJ905GJ', '2023-05-12', 'positive', NULL);
INSERT INTO InactivePlates VALUES ('RP187XX', '2023-04-06', '4527919', '2023-04-27');
INSERT INTO Plates VALUES ('RP187XX', '2023-04-06', '4527919', 0);
INSERT INTO Vehicle VALUES ('5026138', 'Sedan', 'Kia', '2023-05-15');
INSERT INTO Vehicle VALUES ('2476958', 'Hatchback', 'Hyundai', '2022-12-10');
INSERT INTO ActivePlates VALUES ('GL393IT', '2022-12-24', '2476958');
INSERT INTO Plates VALUES ('GL393IT', '2022-12-24', '2476958', 1);
INSERT INTO Revisions (plateNumber, revisionDate, outcome, motivation) VALUES ('GL393IT', '2023-01-13', 'negative', 'Targa danneggiata o manomessa');
INSERT INTO Vehicle VALUES ('8662279', 'Hatchback', 'Honda', '2022-06-10');
INSERT INTO InactivePlates VALUES ('PS323VL', '2022-08-17', '8662279', '2023-08-22');
INSERT INTO Plates VALUES ('PS323VL', '2022-08-17', '8662279', 0);
INSERT INTO Revisions (plateNumber, revisionDate, outcome, motivation) VALUES ('PS323VL', '2022-09-14', 'negative', 'Targa persa o rubata');
INSERT INTO InactivePlates VALUES ('PB040RR', '2022-06-28', '8662279', '2022-08-08');
INSERT INTO Plates VALUES ('PB040RR', '2022-06-28', '8662279', 0);
INSERT INTO Revisions (plateNumber, revisionDate, outcome, motivation) VALUES ('PB040RR', '2022-07-08', 'negative', 'Violazione delle normative ambientali');
INSERT INTO Vehicle VALUES ('3077643', 'Sports Car', 'Jaguar', '2022-08-22');
INSERT INTO InactivePlates VALUES ('IY824SZ', '2022-11-28', '3077643', '2023-08-19');
INSERT INTO Plates VALUES ('IY824SZ', '2022-11-28', '3077643', 0);
INSERT INTO Revisions (plateNumber, revisionDate, outcome, motivation) VALUES ('IY824SZ', '2023-05-07', 'negative', 'Targa persa o rubata');
INSERT INTO InactivePlates VALUES ('LF028BZ', '2022-10-28', '3077643', '2022-11-16');
INSERT INTO Plates VALUES ('LF028BZ', '2022-10-28', '3077643', 0);
INSERT INTO Revisions (plateNumber, revisionDate, outcome, motivation) VALUES ('LF028BZ', '2022-11-16', 'negative', 'Documentazione errata presentata');
INSERT INTO InactivePlates VALUES ('WY910UT', '2022-09-13', '3077643', '2022-09-21');
INSERT INTO Plates VALUES ('WY910UT', '2022-09-13', '3077643', 0);
INSERT INTO Revisions (plateNumber, revisionDate, outcome, motivation) VALUES ('WY910UT', '2022-09-16', 'negative', 'Targa associata ad attività criminali');
INSERT INTO Vehicle VALUES ('6613554', 'Hatchback', 'Mazda', '2022-10-27');
INSERT INTO Vehicle VALUES ('2377257', 'Hatchback', 'Chevrolet', '2022-09-14');
INSERT INTO Vehicle VALUES ('8256351', 'Hatchback', 'Ford', '2022-07-26');
INSERT INTO InactivePlates VALUES ('QG020FO', '2022-09-20', '8256351', '2023-07-31');
INSERT INTO Plates VALUES ('QG020FO', '2022-09-20', '8256351', 0);
INSERT INTO Revisions (plateNumber, revisionDate, outcome, motivation) VALUES ('QG020FO', '2023-02-27', 'positive', NULL);
INSERT INTO InactivePlates VALUES ('OF261CW', '2022-08-13', '8256351', '2022-09-03');
INSERT INTO Plates VALUES ('OF261CW', '2022-08-13', '8256351', 0);
INSERT INTO Revisions (plateNumber, revisionDate, outcome, motivation) VALUES ('OF261CW', '2022-08-27', 'positive', NULL);
INSERT INTO Vehicle VALUES ('6649730', 'Crossover', 'Ford', '2023-01-18');
INSERT INTO InactivePlates VALUES ('TU449QJ', '2023-03-24', '6649730', '2023-08-13');
INSERT INTO Plates VALUES ('TU449QJ', '2023-03-24', '6649730', 0);
INSERT INTO Revisions (plateNumber, revisionDate, outcome, motivation) VALUES ('TU449QJ', '2023-05-15', 'negative', 'Veicolo segnalato come rubato');
INSERT INTO InactivePlates VALUES ('UJ146YS', '2023-02-17', '6649730', '2023-03-09');
INSERT INTO Plates VALUES ('UJ146YS', '2023-02-17', '6649730', 0);
INSERT INTO Revisions (plateNumber, revisionDate, outcome, motivation) VALUES ('UJ146YS', '2023-02-28', 'positive', NULL);
INSERT INTO Vehicle VALUES ('2720909', 'Sports Car', 'Hyundai', '2022-10-30');
INSERT INTO ActivePlates VALUES ('IT768BK', '2022-12-20', '2720909');
INSERT INTO Plates VALUES ('IT768BK', '2022-12-20', '2720909', 1);
INSERT INTO Revisions (plateNumber, revisionDate, outcome, motivation) VALUES ('IT768BK', '2023-12-10', 'positive', NULL);
INSERT INTO Revisions (plateNumber, revisionDate, outcome, motivation) VALUES ('IT768BK', '2023-09-10', 'positive', NULL);
INSERT INTO InactivePlates VALUES ('KX338ZU', '2022-11-11', '2720909', '2022-12-04');
INSERT INTO Plates VALUES ('KX338ZU', '2022-11-11', '2720909', 0);
INSERT INTO Vehicle VALUES ('1633564', 'Truck', 'Mercedes-Benz', '2023-02-22');
INSERT INTO ActivePlates VALUES ('PN858PE', '2023-05-24', '1633564');
INSERT INTO Plates VALUES ('PN858PE', '2023-05-24', '1633564', 1);
INSERT INTO Revisions (plateNumber, revisionDate, outcome, motivation) VALUES ('PN858PE', '2023-10-01', 'negative', 'Modifiche improprie apportate al veicolo');
INSERT INTO InactivePlates VALUES ('JV220VU', '2023-04-13', '1633564', '2023-05-18');
INSERT INTO Plates VALUES ('JV220VU', '2023-04-13', '1633564', 0);
INSERT INTO Revisions (plateNumber, revisionDate, outcome, motivation) VALUES ('JV220VU', '2023-05-15', 'negative', 'Targa danneggiata o manomessa');
INSERT INTO Revisions (plateNumber, revisionDate, outcome, motivation) VALUES ('JV220VU', '2023-04-21', 'negative', 'Targa danneggiata o manomessa');
INSERT INTO InactivePlates VALUES ('IO987WL', '2023-03-05', '1633564', '2023-03-21');
INSERT INTO Plates VALUES ('IO987WL', '2023-03-05', '1633564', 0);
INSERT INTO Revisions (plateNumber, revisionDate, outcome, motivation) VALUES ('IO987WL', '2023-03-17', 'positive', NULL);
INSERT INTO Revisions (plateNumber, revisionDate, outcome, motivation) VALUES ('IO987WL', '2023-03-08', 'positive', NULL);
INSERT INTO Vehicle VALUES ('3855436', 'Sports Car', 'Jaguar', '2022-06-14');
INSERT INTO Vehicle VALUES ('8499268', 'Sedan', 'Mercedes-Benz', '2023-04-14');
INSERT INTO Vehicle VALUES ('7508051', 'Hatchback', 'Volvo', '2023-02-13');
INSERT INTO InactivePlates VALUES ('SG812EM', '2023-05-17', '7508051', '2024-04-24');
INSERT INTO Plates VALUES ('SG812EM', '2023-05-17', '7508051', 0);
INSERT INTO Revisions (plateNumber, revisionDate, outcome, motivation) VALUES ('SG812EM', '2023-06-15', 'negative', 'Modifiche improprie apportate al veicolo');
INSERT INTO InactivePlates VALUES ('RY885AI', '2023-04-16', '7508051', '2023-04-25');
INSERT INTO Plates VALUES ('RY885AI', '2023-04-16', '7508051', 0);
INSERT INTO Revisions (plateNumber, revisionDate, outcome, motivation) VALUES ('RY885AI', '2023-04-22', 'positive', NULL);
INSERT INTO InactivePlates VALUES ('IP270ZX', '2023-03-02', '7508051', '2023-03-27');
INSERT INTO Plates VALUES ('IP270ZX', '2023-03-02', '7508051', 0);
INSERT INTO Revisions (plateNumber, revisionDate, outcome, motivation) VALUES ('IP270ZX', '2023-03-21', 'negative', 'Veicolo segnalato come rubato');
INSERT INTO Vehicle VALUES ('7043433', 'Sports Car', 'Jeep', '2023-04-11');
INSERT INTO ActivePlates VALUES ('HR969UR', '2023-04-28', '7043433');
INSERT INTO Plates VALUES ('HR969UR', '2023-04-28', '7043433', 1);
INSERT INTO Revisions (plateNumber, revisionDate, outcome, motivation) VALUES ('HR969UR', '2023-08-08', 'positive', NULL);
INSERT INTO Revisions (plateNumber, revisionDate, outcome, motivation) VALUES ('HR969UR', '2023-10-09', 'positive', NULL);
INSERT INTO Vehicle VALUES ('7262380', 'Truck', 'Honda', '2023-05-11');
INSERT INTO InactivePlates VALUES ('SC113GL', '2023-08-15', '7262380', '2024-05-14');
INSERT INTO Plates VALUES ('SC113GL', '2023-08-15', '7262380', 0);
INSERT INTO Revisions (plateNumber, revisionDate, outcome, motivation) VALUES ('SC113GL', '2023-09-09', 'positive', NULL);
INSERT INTO InactivePlates VALUES ('PG217PI', '2023-07-16', '7262380', '2023-08-08');
INSERT INTO Plates VALUES ('PG217PI', '2023-07-16', '7262380', 0);
INSERT INTO Revisions (plateNumber, revisionDate, outcome, motivation) VALUES ('PG217PI', '2023-08-08', 'negative', 'Non conformità alle normative');
INSERT INTO InactivePlates VALUES ('TW113RA', '2023-06-03', '7262380', '2023-06-15');
INSERT INTO Plates VALUES ('TW113RA', '2023-06-03', '7262380', 0);
INSERT INTO Revisions (plateNumber, revisionDate, outcome, motivation) VALUES ('TW113RA', '2023-06-11', 'positive', NULL);
INSERT INTO Vehicle VALUES ('4343633', 'Sedan', 'Volvo', '2022-08-13');
INSERT INTO ActivePlates VALUES ('LC557VG', '2022-09-26', '4343633');
INSERT INTO Plates VALUES ('LC557VG', '2022-09-26', '4343633', 1);
INSERT INTO InactivePlates VALUES ('BM813RK', '2022-08-25', '4343633', '2022-09-22');
INSERT INTO Plates VALUES ('BM813RK', '2022-08-25', '4343633', 0);
INSERT INTO Revisions (plateNumber, revisionDate, outcome, motivation) VALUES ('BM813RK', '2022-09-02', 'negative', 'Mancato pagamento di imposte');
INSERT INTO Revisions (plateNumber, revisionDate, outcome, motivation) VALUES ('BM813RK', '2022-09-10', 'positive', NULL);
INSERT INTO Vehicle VALUES ('6501559', 'Crossover', 'BMW', '2022-08-05');
INSERT INTO ActivePlates VALUES ('AA424NM', '2022-11-22', '6501559');
INSERT INTO Plates VALUES ('AA424NM', '2022-11-22', '6501559', 1);
INSERT INTO Revisions (plateNumber, revisionDate, outcome, motivation) VALUES ('AA424NM', '2023-11-15', 'negative', 'Violazione delle normative ambientali');
INSERT INTO Revisions (plateNumber, revisionDate, outcome, motivation) VALUES ('AA424NM', '2023-12-25', 'positive', NULL);
INSERT INTO Revisions (plateNumber, revisionDate, outcome, motivation) VALUES ('AA424NM', '2023-06-02', 'negative', 'Veicolo non superato il test delle emissioni');
INSERT INTO InactivePlates VALUES ('DP893RP', '2022-10-12', '6501559', '2022-11-09');
INSERT INTO Plates VALUES ('DP893RP', '2022-10-12', '6501559', 0);
INSERT INTO Revisions (plateNumber, revisionDate, outcome, motivation) VALUES ('DP893RP', '2022-10-14', 'negative', 'Veicolo non superato il test delle emissioni');
INSERT INTO InactivePlates VALUES ('RC760QI', '2022-09-03', '6501559', '2022-10-04');
INSERT INTO Plates VALUES ('RC760QI', '2022-09-03', '6501559', 0);
INSERT INTO Vehicle VALUES ('3947539', 'SUV', 'Mazda', '2022-08-16');
INSERT INTO Vehicle VALUES ('4437832', 'Sports Car', 'Ferrari', '2022-06-07');
INSERT INTO InactivePlates VALUES ('CD994GV', '2022-09-18', '4437832', '2022-10-22');
INSERT INTO Plates VALUES ('CD994GV', '2022-09-18', '4437832', 0);
INSERT INTO Revisions (plateNumber, revisionDate, outcome, motivation) VALUES ('CD994GV', '2022-10-16', 'negative', 'Veicolo non superato il test delle emissioni');
INSERT INTO InactivePlates VALUES ('CW707LA', '2022-08-08', '4437832', '2022-09-06');
INSERT INTO Plates VALUES ('CW707LA', '2022-08-08', '4437832', 0);
INSERT INTO Revisions (plateNumber, revisionDate, outcome, motivation) VALUES ('CW707LA', '2022-08-09', 'positive', NULL);
INSERT INTO InactivePlates VALUES ('IF432KN', '2022-06-24', '4437832', '2022-07-13');
INSERT INTO Plates VALUES ('IF432KN', '2022-06-24', '4437832', 0);
INSERT INTO Revisions (plateNumber, revisionDate, outcome, motivation) VALUES ('IF432KN', '2022-07-01', 'negative', 'Targa associata ad attività criminali');
INSERT INTO Vehicle VALUES ('2240203', 'Truck', 'Jaguar', '2022-11-16');
INSERT INTO Vehicle VALUES ('1165704', 'Hatchback', 'Mazda', '2023-04-04');
INSERT INTO ActivePlates VALUES ('QO016FH', '2023-05-22', '1165704');
INSERT INTO Plates VALUES ('QO016FH', '2023-05-22', '1165704', 1);
INSERT INTO InactivePlates VALUES ('XA923XZ', '2023-04-19', '1165704', '2023-05-15');
INSERT INTO Plates VALUES ('XA923XZ', '2023-04-19', '1165704', 0);
INSERT INTO Revisions (plateNumber, revisionDate, outcome, motivation) VALUES ('XA923XZ', '2023-05-05', 'negative', 'Mancato pagamento di imposte');
INSERT INTO Vehicle VALUES ('2268580', 'Truck', 'Toyota', '2022-08-17');
INSERT INTO InactivePlates VALUES ('YN640DT', '2022-08-28', '2268580', '2023-05-16');
INSERT INTO Plates VALUES ('YN640DT', '2022-08-28', '2268580', 0);
INSERT INTO Revisions (plateNumber, revisionDate, outcome, motivation) VALUES ('YN640DT', '2023-03-04', 'positive', NULL);
INSERT INTO Vehicle VALUES ('8457091', 'SUV', 'Honda', '2023-02-10');
INSERT INTO Vehicle VALUES ('8296579', 'Minivan', 'Toyota', '2022-07-04');
INSERT INTO InactivePlates VALUES ('YA367ER', '2022-10-14', '8296579', '2024-03-18');
INSERT INTO Plates VALUES ('YA367ER', '2022-10-14', '8296579', 0);
INSERT INTO Revisions (plateNumber, revisionDate, outcome, motivation) VALUES ('YA367ER', '2023-11-20', 'positive', NULL);
INSERT INTO InactivePlates VALUES ('LU122AC', '2022-09-11', '8296579', '2022-10-11');
INSERT INTO Plates VALUES ('LU122AC', '2022-09-11', '8296579', 0);
INSERT INTO Revisions (plateNumber, revisionDate, outcome, motivation) VALUES ('LU122AC', '2022-09-28', 'negative', "Scoperte problematiche di sicurezza durante l'ispezione");
INSERT INTO InactivePlates VALUES ('SP993QR', '2022-07-30', '8296579', '2022-09-02');
INSERT INTO Plates VALUES ('SP993QR', '2022-07-30', '8296579', 0);
INSERT INTO Revisions (plateNumber, revisionDate, outcome, motivation) VALUES ('SP993QR', '2022-08-24', 'negative', 'Proprietario precedente non ha rivelato problemi');
INSERT INTO Vehicle VALUES ('0159205', 'Hatchback', 'BMW', '2022-12-10');
INSERT INTO Vehicle VALUES ('9501435', 'Convertible', 'Kia', '2022-09-17');
INSERT INTO ActivePlates VALUES ('DD575FL', '2022-11-21', '9501435');
INSERT INTO Plates VALUES ('DD575FL', '2022-11-21', '9501435', 1);
INSERT INTO Revisions (plateNumber, revisionDate, outcome, motivation) VALUES ('DD575FL', '2024-03-02', 'negative', 'Mancato pagamento di multe o tasse');
INSERT INTO InactivePlates VALUES ('FY244PY', '2022-10-16', '9501435', '2022-11-19');
INSERT INTO Plates VALUES ('FY244PY', '2022-10-16', '9501435', 0);
INSERT INTO Revisions (plateNumber, revisionDate, outcome, motivation) VALUES ('FY244PY', '2022-11-18', 'negative', 'Mancato pagamento di imposte');
INSERT INTO Revisions (plateNumber, revisionDate, outcome, motivation) VALUES ('FY244PY', '2022-11-14', 'positive', NULL);
INSERT INTO Vehicle VALUES ('7203569', 'Sedan', 'Volkswagen', '2022-10-01');
INSERT INTO Vehicle VALUES ('2145219', 'Sedan', 'Mercedes-Benz', '2023-04-22');
INSERT INTO ActivePlates VALUES ('TX555QF', '2023-05-17', '2145219');
INSERT INTO Plates VALUES ('TX555QF', '2023-05-17', '2145219', 1);
INSERT INTO Vehicle VALUES ('8307116', 'Sports Car', 'Toyota', '2022-11-23');
INSERT INTO ActivePlates VALUES ('RR286XJ', '2023-02-10', '8307116');
INSERT INTO Plates VALUES ('RR286XJ', '2023-02-10', '8307116', 1);
INSERT INTO InactivePlates VALUES ('FL093LR', '2022-12-23', '8307116', '2023-01-03');
INSERT INTO Plates VALUES ('FL093LR', '2022-12-23', '8307116', 0);
INSERT INTO Revisions (plateNumber, revisionDate, outcome, motivation) VALUES ('FL093LR', '2022-12-28', 'negative', 'Registrazione fraudolenta');
INSERT INTO Vehicle VALUES ('8037173', 'Sports Car', 'Nissan', '2022-07-12');
INSERT INTO Vehicle VALUES ('2115735', 'Sports Car', 'Volvo', '2023-04-05');
INSERT INTO InactivePlates VALUES ('LE116DJ', '2023-05-01', '2115735', '2023-08-10');
INSERT INTO Plates VALUES ('LE116DJ', '2023-05-01', '2115735', 0);
INSERT INTO Revisions (plateNumber, revisionDate, outcome, motivation) VALUES ('LE116DJ', '2023-05-13', 'negative', 'Modifiche improprie apportate al veicolo');
INSERT INTO Vehicle VALUES ('6935286', 'Hatchback', 'Chevrolet', '2022-07-09');
INSERT INTO InactivePlates VALUES ('HU375MP', '2022-09-02', '6935286', '2022-10-06');
INSERT INTO Plates VALUES ('HU375MP', '2022-09-02', '6935286', 0);
INSERT INTO Revisions (plateNumber, revisionDate, outcome, motivation) VALUES ('HU375MP', '2022-10-02', 'negative', 'Modifiche illegali apportate al veicolo');
INSERT INTO InactivePlates VALUES ('ED654TY', '2022-07-26', '6935286', '2022-08-12');
INSERT INTO Plates VALUES ('ED654TY', '2022-07-26', '6935286', 0);
INSERT INTO Revisions (plateNumber, revisionDate, outcome, motivation) VALUES ('ED654TY', '2022-08-07', 'positive', NULL);
INSERT INTO Vehicle VALUES ('5182218', 'Sports Car', 'Tesla', '2022-12-16');
INSERT INTO Vehicle VALUES ('8649072', 'Crossover', 'Hyundai', '2023-04-26');
INSERT INTO ActivePlates VALUES ('LI184QV', '2023-06-17', '8649072');
INSERT INTO Plates VALUES ('LI184QV', '2023-06-17', '8649072', 1);
INSERT INTO Revisions (plateNumber, revisionDate, outcome, motivation) VALUES ('LI184QV', '2023-08-03', 'negative', 'Veicolo non superato il test delle emissioni');
INSERT INTO Revisions (plateNumber, revisionDate, outcome, motivation) VALUES ('LI184QV', '2023-07-23', 'negative', 'Registrazione scaduta');
INSERT INTO Revisions (plateNumber, revisionDate, outcome, motivation) VALUES ('LI184QV', '2023-11-09', 'positive', NULL);
INSERT INTO InactivePlates VALUES ('ZJ921CS', '2023-05-09', '8649072', '2023-06-15');
INSERT INTO Plates VALUES ('ZJ921CS', '2023-05-09', '8649072', 0);
INSERT INTO Revisions (plateNumber, revisionDate, outcome, motivation) VALUES ('ZJ921CS', '2023-06-02', 'positive', NULL);
INSERT INTO Revisions (plateNumber, revisionDate, outcome, motivation) VALUES ('ZJ921CS', '2023-05-16', 'positive', NULL);
INSERT INTO Revisions (plateNumber, revisionDate, outcome, motivation) VALUES ('ZJ921CS', '2023-06-13', 'negative', 'Veicolo non superato il test delle emissioni');
INSERT INTO Vehicle VALUES ('6920128', 'Coupe', 'Subaru', '2023-01-16');
INSERT INTO InactivePlates VALUES ('SH915JT', '2023-04-23', '6920128', '2023-12-15');
INSERT INTO Plates VALUES ('SH915JT', '2023-04-23', '6920128', 0);
INSERT INTO Revisions (plateNumber, revisionDate, outcome, motivation) VALUES ('SH915JT', '2023-06-05', 'negative', 'Proprietario precedente non ha rivelato problemi');
INSERT INTO InactivePlates VALUES ('NE328NR', '2023-03-17', '6920128', '2023-04-21');
INSERT INTO Plates VALUES ('NE328NR', '2023-03-17', '6920128', 0);
INSERT INTO Revisions (plateNumber, revisionDate, outcome, motivation) VALUES ('NE328NR', '2023-03-29', 'positive', NULL);
INSERT INTO InactivePlates VALUES ('AL192XZ', '2023-01-26', '6920128', '2023-03-01');
INSERT INTO Plates VALUES ('AL192XZ', '2023-01-26', '6920128', 0);
INSERT INTO Revisions (plateNumber, revisionDate, outcome, motivation) VALUES ('AL192XZ', '2023-02-14', 'negative', "Scoperte problematiche di sicurezza durante l'ispezione");
INSERT INTO Vehicle VALUES ('0766168', 'Truck', 'Mazda', '2023-05-15');
INSERT INTO ActivePlates VALUES ('FU397XS', '2023-07-07', '0766168');
INSERT INTO Plates VALUES ('FU397XS', '2023-07-07', '0766168', 1);
INSERT INTO Revisions (plateNumber, revisionDate, outcome, motivation) VALUES ('FU397XS', '2023-10-28', 'positive', NULL);
INSERT INTO Revisions (plateNumber, revisionDate, outcome, motivation) VALUES ('FU397XS', '2024-04-05', 'negative', 'Mancato pagamento di imposte');
INSERT INTO Revisions (plateNumber, revisionDate, outcome, motivation) VALUES ('FU397XS', '2023-12-06', 'positive', NULL);
INSERT INTO InactivePlates VALUES ('BR202ZI', '2023-06-06', '0766168', '2023-07-05');
INSERT INTO Plates VALUES ('BR202ZI', '2023-06-06', '0766168', 0);
INSERT INTO Vehicle VALUES ('5369563', 'SUV', 'BMW', '2022-12-29');
INSERT INTO InactivePlates VALUES ('UI923PC', '2023-04-03', '5369563', '2024-04-03');
INSERT INTO Plates VALUES ('UI923PC', '2023-04-03', '5369563', 0);
INSERT INTO Revisions (plateNumber, revisionDate, outcome, motivation) VALUES ('UI923PC', '2024-02-29', 'negative', 'Registrazione scaduta');
INSERT INTO InactivePlates VALUES ('ZM497CO', '2023-02-27', '5369563', '2023-03-13');
INSERT INTO Plates VALUES ('ZM497CO', '2023-02-27', '5369563', 0);
INSERT INTO Revisions (plateNumber, revisionDate, outcome, motivation) VALUES ('ZM497CO', '2023-03-10', 'positive', NULL);
INSERT INTO InactivePlates VALUES ('DF845WV', '2023-01-09', '5369563', '2023-02-01');
INSERT INTO Plates VALUES ('DF845WV', '2023-01-09', '5369563', 0);
INSERT INTO Revisions (plateNumber, revisionDate, outcome, motivation) VALUES ('DF845WV', '2023-01-16', 'negative', 'Mancato pagamento di multe o tasse');
INSERT INTO Vehicle VALUES ('8808483', 'Sports Car', 'Hyundai', '2022-07-11');
INSERT INTO ActivePlates VALUES ('GJ500DX', '2022-10-12', '8808483');
INSERT INTO Plates VALUES ('GJ500DX', '2022-10-12', '8808483', 1);
INSERT INTO InactivePlates VALUES ('UF495BQ', '2022-09-03', '8808483', '2022-09-12');
INSERT INTO Plates VALUES ('UF495BQ', '2022-09-03', '8808483', 0);
INSERT INTO Revisions (plateNumber, revisionDate, outcome, motivation) VALUES ('UF495BQ', '2022-09-04', 'negative', 'Targa persa o rubata');
INSERT INTO InactivePlates VALUES ('MW441CE', '2022-07-29', '8808483', '2022-08-12');
INSERT INTO Plates VALUES ('MW441CE', '2022-07-29', '8808483', 0);
INSERT INTO Revisions (plateNumber, revisionDate, outcome, motivation) VALUES ('MW441CE', '2022-08-05', 'negative', 'Mancato pagamento di imposte');
INSERT INTO Vehicle VALUES ('7863635', 'Crossover', 'Toyota', '2023-05-14');
INSERT INTO ActivePlates VALUES ('PY515WB', '2023-06-09', '7863635');
INSERT INTO Plates VALUES ('PY515WB', '2023-06-09', '7863635', 1);
INSERT INTO Vehicle VALUES ('8485305', 'Minivan', 'Audi', '2022-07-28');
INSERT INTO ActivePlates VALUES ('OD909ZN', '2022-11-01', '8485305');
INSERT INTO Plates VALUES ('OD909ZN', '2022-11-01', '8485305', 1);
INSERT INTO Revisions (plateNumber, revisionDate, outcome, motivation) VALUES ('OD909ZN', '2023-03-31', 'negative', 'Targa persa o rubata');
INSERT INTO InactivePlates VALUES ('AM680FF', '2022-09-21', '8485305', '2022-10-02');
INSERT INTO Plates VALUES ('AM680FF', '2022-09-21', '8485305', 0);
INSERT INTO InactivePlates VALUES ('CK262MX', '2022-08-10', '8485305', '2022-09-05');
INSERT INTO Plates VALUES ('CK262MX', '2022-08-10', '8485305', 0);
INSERT INTO Revisions (plateNumber, revisionDate, outcome, motivation) VALUES ('CK262MX', '2022-08-28', 'positive', NULL);
INSERT INTO Revisions (plateNumber, revisionDate, outcome, motivation) VALUES ('CK262MX', '2022-08-12', 'positive', NULL);
INSERT INTO Vehicle VALUES ('1661074', 'Hatchback', 'Volvo', '2022-07-25');
INSERT INTO Vehicle VALUES ('2436457', 'Minivan', 'BMW', '2023-03-26');
INSERT INTO ActivePlates VALUES ('UF033TK', '2023-05-29', '2436457');
INSERT INTO Plates VALUES ('UF033TK', '2023-05-29', '2436457', 1);
INSERT INTO Revisions (plateNumber, revisionDate, outcome, motivation) VALUES ('UF033TK', '2023-12-10', 'positive', NULL);
INSERT INTO Revisions (plateNumber, revisionDate, outcome, motivation) VALUES ('UF033TK', '2023-08-20', 'positive', NULL);
INSERT INTO InactivePlates VALUES ('MI328DY', '2023-04-19', '2436457', '2023-05-28');
INSERT INTO Plates VALUES ('MI328DY', '2023-04-19', '2436457', 0);
INSERT INTO Vehicle VALUES ('7446938', 'SUV', 'Chevrolet', '2022-10-15');
INSERT INTO ActivePlates VALUES ('HX919DE', '2023-01-12', '7446938');
INSERT INTO Plates VALUES ('HX919DE', '2023-01-12', '7446938', 1);
INSERT INTO InactivePlates VALUES ('NP243HN', '2022-12-01', '7446938', '2022-12-08');
INSERT INTO Plates VALUES ('NP243HN', '2022-12-01', '7446938', 0);
INSERT INTO Revisions (plateNumber, revisionDate, outcome, motivation) VALUES ('NP243HN', '2022-12-06', 'positive', NULL);
INSERT INTO InactivePlates VALUES ('BZ536ZD', '2022-10-27', '7446938', '2022-11-06');
INSERT INTO Plates VALUES ('BZ536ZD', '2022-10-27', '7446938', 0);
INSERT INTO Vehicle VALUES ('6136005', 'Minivan', 'Honda', '2022-11-17');
INSERT INTO InactivePlates VALUES ('WM295PQ', '2022-12-04', '6136005', '2023-02-10');
INSERT INTO Plates VALUES ('WM295PQ', '2022-12-04', '6136005', 0);
INSERT INTO Revisions (plateNumber, revisionDate, outcome, motivation) VALUES ('WM295PQ', '2022-12-10', 'positive', NULL);
INSERT INTO Vehicle VALUES ('8577659', 'Truck', 'BMW', '2022-08-18');
INSERT INTO ActivePlates VALUES ('LM790VA', '2022-10-13', '8577659');
INSERT INTO Plates VALUES ('LM790VA', '2022-10-13', '8577659', 1);
INSERT INTO InactivePlates VALUES ('DC576NM', '2022-09-12', '8577659', '2022-10-05');
INSERT INTO Plates VALUES ('DC576NM', '2022-09-12', '8577659', 0);
INSERT INTO Revisions (plateNumber, revisionDate, outcome, motivation) VALUES ('DC576NM', '2022-09-20', 'positive', NULL);
INSERT INTO Vehicle VALUES ('4868199', 'Minivan', 'Ford', '2022-06-26');
INSERT INTO ActivePlates VALUES ('SC420CU', '2022-08-22', '4868199');
INSERT INTO Plates VALUES ('SC420CU', '2022-08-22', '4868199', 1);
INSERT INTO Revisions (plateNumber, revisionDate, outcome, motivation) VALUES ('SC420CU', '2022-12-28', 'positive', NULL);
INSERT INTO InactivePlates VALUES ('TV346HU', '2022-07-22', '4868199', '2022-08-05');
INSERT INTO Plates VALUES ('TV346HU', '2022-07-22', '4868199', 0);
INSERT INTO Revisions (plateNumber, revisionDate, outcome, motivation) VALUES ('TV346HU', '2022-08-02', 'negative', 'Proprietario precedente non ha rivelato problemi');
INSERT INTO Revisions (plateNumber, revisionDate, outcome, motivation) VALUES ('TV346HU', '2022-07-27', 'positive', NULL);
INSERT INTO Vehicle VALUES ('6691133', 'Hatchback', 'Honda', '2023-05-07');
INSERT INTO Vehicle VALUES ('2904535', 'Sedan', 'BMW', '2022-06-21');
INSERT INTO ActivePlates VALUES ('JG333NJ', '2022-10-02', '2904535');
INSERT INTO Plates VALUES ('JG333NJ', '2022-10-02', '2904535', 1);
INSERT INTO InactivePlates VALUES ('WU385XI', '2022-08-20', '2904535', '2022-09-17');
INSERT INTO Plates VALUES ('WU385XI', '2022-08-20', '2904535', 0);
INSERT INTO Revisions (plateNumber, revisionDate, outcome, motivation) VALUES ('WU385XI', '2022-08-23', 'positive', NULL);
INSERT INTO InactivePlates VALUES ('HS482UY', '2022-07-15', '2904535', '2022-08-09');
INSERT INTO Plates VALUES ('HS482UY', '2022-07-15', '2904535', 0);
INSERT INTO Vehicle VALUES ('6906585', 'Coupe', 'Nissan', '2022-11-13');
INSERT INTO ActivePlates VALUES ('SG073SG', '2022-12-28', '6906585');
INSERT INTO Plates VALUES ('SG073SG', '2022-12-28', '6906585', 1);
INSERT INTO InactivePlates VALUES ('UE511TN', '2022-11-25', '6906585', '2022-12-13');
INSERT INTO Plates VALUES ('UE511TN', '2022-11-25', '6906585', 0);
INSERT INTO Revisions (plateNumber, revisionDate, outcome, motivation) VALUES ('UE511TN', '2022-12-09', 'positive', NULL);
INSERT INTO Vehicle VALUES ('4190706', 'Hatchback', 'Hyundai', '2022-07-30');
INSERT INTO InactivePlates VALUES ('NN936LA', '2022-08-15', '4190706', '2023-04-01');
INSERT INTO Plates VALUES ('NN936LA', '2022-08-15', '4190706', 0);
INSERT INTO Revisions (plateNumber, revisionDate, outcome, motivation) VALUES ('NN936LA', '2022-12-25', 'positive', NULL);
INSERT INTO Vehicle VALUES ('4773998', 'Minivan', 'Audi', '2022-06-21');
INSERT INTO Vehicle VALUES ('3792650', 'Hatchback', 'Lexus', '2022-08-31');
INSERT INTO ActivePlates VALUES ('KJ762BP', '2022-12-08', '3792650');
INSERT INTO Plates VALUES ('KJ762BP', '2022-12-08', '3792650', 1);
INSERT INTO Revisions (plateNumber, revisionDate, outcome, motivation) VALUES ('KJ762BP', '2023-11-20', 'positive', NULL);
INSERT INTO Revisions (plateNumber, revisionDate, outcome, motivation) VALUES ('KJ762BP', '2023-03-05', 'negative', "Veicolo considerato non sicuro per l'uso su strada");
INSERT INTO InactivePlates VALUES ('AS424DG', '2022-10-22', '3792650', '2022-11-07');
INSERT INTO Plates VALUES ('AS424DG', '2022-10-22', '3792650', 0);
INSERT INTO InactivePlates VALUES ('YJ603DI', '2022-09-11', '3792650', '2022-09-26');
INSERT INTO Plates VALUES ('YJ603DI', '2022-09-11', '3792650', 0);
INSERT INTO Revisions (plateNumber, revisionDate, outcome, motivation) VALUES ('YJ603DI', '2022-09-24', 'negative', 'Violazione delle leggi sul traffico');
INSERT INTO Vehicle VALUES ('0619166', 'Minivan', 'Ferrari', '2023-02-22');
INSERT INTO ActivePlates VALUES ('AS097DW', '2023-03-12', '0619166');
INSERT INTO Plates VALUES ('AS097DW', '2023-03-12', '0619166', 1);
INSERT INTO Revisions (plateNumber, revisionDate, outcome, motivation) VALUES ('AS097DW', '2023-05-19', 'positive', NULL);
INSERT INTO Revisions (plateNumber, revisionDate, outcome, motivation) VALUES ('AS097DW', '2024-04-12', 'positive', NULL);
INSERT INTO Vehicle VALUES ('5565260', 'Hatchback', 'Toyota', '2023-04-23');
INSERT INTO ActivePlates VALUES ('OQ839FC', '2023-07-19', '5565260');
INSERT INTO Plates VALUES ('OQ839FC', '2023-07-19', '5565260', 1);
INSERT INTO InactivePlates VALUES ('HZ500ZA', '2023-06-17', '5565260', '2023-06-28');
INSERT INTO Plates VALUES ('HZ500ZA', '2023-06-17', '5565260', 0);
INSERT INTO Revisions (plateNumber, revisionDate, outcome, motivation) VALUES ('HZ500ZA', '2023-06-25', 'positive', NULL);
INSERT INTO InactivePlates VALUES ('XX754XU', '2023-05-17', '5565260', '2023-05-27');
INSERT INTO Plates VALUES ('XX754XU', '2023-05-17', '5565260', 0);
INSERT INTO Revisions (plateNumber, revisionDate, outcome, motivation) VALUES ('XX754XU', '2023-05-18', 'negative', 'Veicolo segnalato come rubato');
INSERT INTO Revisions (plateNumber, revisionDate, outcome, motivation) VALUES ('XX754XU', '2023-05-27', 'negative', 'Mancato pagamento di multe o tasse');
INSERT INTO Vehicle VALUES ('5967817', 'Truck', 'Jeep', '2022-08-03');
INSERT INTO InactivePlates VALUES ('FW320TX', '2022-08-16', '5967817', '2022-12-07');
INSERT INTO Plates VALUES ('FW320TX', '2022-08-16', '5967817', 0);
INSERT INTO Revisions (plateNumber, revisionDate, outcome, motivation) VALUES ('FW320TX', '2022-09-04', 'negative', 'Violazione delle leggi sul traffico');
INSERT INTO Vehicle VALUES ('0877728', 'Crossover', 'Porsche', '2023-03-12');
INSERT INTO InactivePlates VALUES ('MN450RM', '2023-07-03', '0877728', '2024-04-02');
INSERT INTO Plates VALUES ('MN450RM', '2023-07-03', '0877728', 0);
INSERT INTO Revisions (plateNumber, revisionDate, outcome, motivation) VALUES ('MN450RM', '2023-08-21', 'positive', NULL);
INSERT INTO InactivePlates VALUES ('ZW472NE', '2023-05-25', '0877728', '2023-06-11');
INSERT INTO Plates VALUES ('ZW472NE', '2023-05-25', '0877728', 0);
INSERT INTO Revisions (plateNumber, revisionDate, outcome, motivation) VALUES ('ZW472NE', '2023-05-30', 'positive', NULL);
INSERT INTO InactivePlates VALUES ('ER327VY', '2023-04-06', '0877728', '2023-05-06');
INSERT INTO Plates VALUES ('ER327VY', '2023-04-06', '0877728', 0);
INSERT INTO Revisions (plateNumber, revisionDate, outcome, motivation) VALUES ('ER327VY', '2023-04-08', 'negative', 'Targa associata ad attività criminali');
INSERT INTO Vehicle VALUES ('8976505', 'Crossover', 'BMW', '2022-06-25');
INSERT INTO InactivePlates VALUES ('OX154ZH', '2022-09-11', '8976505', '2024-04-27');
INSERT INTO Plates VALUES ('OX154ZH', '2022-09-11', '8976505', 0);
INSERT INTO Revisions (plateNumber, revisionDate, outcome, motivation) VALUES ('OX154ZH', '2023-04-02', 'negative', 'Registrazione scaduta');
INSERT INTO InactivePlates VALUES ('TH541LQ', '2022-07-24', '8976505', '2022-08-15');
INSERT INTO Plates VALUES ('TH541LQ', '2022-07-24', '8976505', 0);
INSERT INTO Revisions (plateNumber, revisionDate, outcome, motivation) VALUES ('TH541LQ', '2022-08-10', 'negative', 'Modifiche improprie apportate al veicolo');
INSERT INTO Vehicle VALUES ('7958804', 'Truck', 'Mercedes-Benz', '2023-03-11');
INSERT INTO ActivePlates VALUES ('OF285FM', '2023-04-01', '7958804');
INSERT INTO Plates VALUES ('OF285FM', '2023-04-01', '7958804', 1);
INSERT INTO Revisions (plateNumber, revisionDate, outcome, motivation) VALUES ('OF285FM', '2023-07-10', 'positive', NULL);
INSERT INTO Revisions (plateNumber, revisionDate, outcome, motivation) VALUES ('OF285FM', '2023-04-22', 'negative', 'Documentazione errata presentata');
INSERT INTO Revisions (plateNumber, revisionDate, outcome, motivation) VALUES ('OF285FM', '2023-05-29', 'positive', NULL);
INSERT INTO Vehicle VALUES ('9845977', 'Coupe', 'Ford', '2023-01-24');
INSERT INTO ActivePlates VALUES ('VG294CQ', '2023-05-19', '9845977');
INSERT INTO Plates VALUES ('VG294CQ', '2023-05-19', '9845977', 1);
INSERT INTO Revisions (plateNumber, revisionDate, outcome, motivation) VALUES ('VG294CQ', '2024-02-08', 'positive', NULL);
INSERT INTO InactivePlates VALUES ('ZY404NE', '2023-04-13', '9845977', '2023-05-08');
INSERT INTO Plates VALUES ('ZY404NE', '2023-04-13', '9845977', 0);
INSERT INTO Revisions (plateNumber, revisionDate, outcome, motivation) VALUES ('ZY404NE', '2023-05-08', 'positive', NULL);
INSERT INTO InactivePlates VALUES ('CN201KW', '2023-02-22', '9845977', '2023-03-08');
INSERT INTO Plates VALUES ('CN201KW', '2023-02-22', '9845977', 0);
INSERT INTO Revisions (plateNumber, revisionDate, outcome, motivation) VALUES ('CN201KW', '2023-02-26', 'negative', 'Veicolo coinvolto in incidente');
INSERT INTO Vehicle VALUES ('3755133', 'Sedan', 'Mercedes-Benz', '2023-03-12');
INSERT INTO InactivePlates VALUES ('AY067DK', '2023-04-05', '3755133', '2023-06-05');
INSERT INTO Plates VALUES ('AY067DK', '2023-04-05', '3755133', 0);
INSERT INTO Revisions (plateNumber, revisionDate, outcome, motivation) VALUES ('AY067DK', '2023-04-12', 'negative', 'Violazione delle normative ambientali');
INSERT INTO Vehicle VALUES ('0163236', 'Sports Car', 'Honda', '2022-12-12');
INSERT INTO ActivePlates VALUES ('OJ293YY', '2023-03-30', '0163236');
INSERT INTO Plates VALUES ('OJ293YY', '2023-03-30', '0163236', 1);
INSERT INTO InactivePlates VALUES ('DT039KO', '2023-02-11', '0163236', '2023-02-20');
INSERT INTO Plates VALUES ('DT039KO', '2023-02-11', '0163236', 0);
INSERT INTO Revisions (plateNumber, revisionDate, outcome, motivation) VALUES ('DT039KO', '2023-02-17', 'positive', NULL);
INSERT INTO Revisions (plateNumber, revisionDate, outcome, motivation) VALUES ('DT039KO', '2023-02-18', 'negative', 'Veicolo segnalato come rubato');
INSERT INTO InactivePlates VALUES ('JE634LN', '2022-12-27', '0163236', '2023-01-20');
INSERT INTO Plates VALUES ('JE634LN', '2022-12-27', '0163236', 0);
INSERT INTO Revisions (plateNumber, revisionDate, outcome, motivation) VALUES ('JE634LN', '2023-01-20', 'negative', 'Modifiche illegali apportate al veicolo');
INSERT INTO Vehicle VALUES ('7484954', 'Hatchback', 'Porsche', '2022-08-15');
INSERT INTO ActivePlates VALUES ('FX280RJ', '2022-09-01', '7484954');
INSERT INTO Plates VALUES ('FX280RJ', '2022-09-01', '7484954', 1);
INSERT INTO Revisions (plateNumber, revisionDate, outcome, motivation) VALUES ('FX280RJ', '2024-05-10', 'negative', 'Falsificazione o contraffazione di documenti');
INSERT INTO Vehicle VALUES ('2114259', 'SUV', 'Tesla', '2023-03-04');
INSERT INTO ActivePlates VALUES ('XO520LR', '2023-05-06', '2114259');
INSERT INTO Plates VALUES ('XO520LR', '2023-05-06', '2114259', 1);
INSERT INTO Revisions (plateNumber, revisionDate, outcome, motivation) VALUES ('XO520LR', '2024-04-06', 'positive', NULL);
INSERT INTO InactivePlates VALUES ('VI723GD', '2023-03-19', '2114259', '2023-04-25');
INSERT INTO Plates VALUES ('VI723GD', '2023-03-19', '2114259', 0);
INSERT INTO Revisions (plateNumber, revisionDate, outcome, motivation) VALUES ('VI723GD', '2023-04-15', 'negative', 'Falsificazione o contraffazione di documenti');
INSERT INTO Vehicle VALUES ('1067351', 'Crossover', 'Honda', '2023-04-15');
INSERT INTO ActivePlates VALUES ('LY596ES', '2023-04-28', '1067351');
INSERT INTO Plates VALUES ('LY596ES', '2023-04-28', '1067351', 1);
